"Page","Source","Review priority","Status","Direct imports","Next acceptance checks"
"AccessGrantsManager","src/pages/AccessGrantsManager.jsx","P1 candidate","Not end-to-end verified","react; lucide-react; ../contexts/AuthContext; ../lib/moduleCatalog; ../lib/permissionMatrix; ../lib/api/users; ../lib/api/accessGrants; ../lib/safeError; ../components/ui/TablePagination","Trace bounded reads: prove totals, conflict checks and exports cover the intended dataset. Distinguish unavailable backend from successful empty results. Exercise primary action, denied access, scope change, error/retry and filtered export."
"AccidentCases","src/pages/AccidentCases.jsx","P2 workflow review","Not end-to-end verified","react; chart.js; react-chartjs-2; lucide-react; ../components/ui/PageHeader; ../contexts/SettingsContext; ../lib/api/accidentCaseBoard; ../lib/accidentCaseAnalytics; ../components/accidents/CaseTeamInbox; ../lib/reportColors; ../lib/safeError","Exercise primary action, denied access, scope change, error/retry and filtered export."
"AccidentCaseTimeline","src/pages/AccidentCaseTimeline.jsx","P1 candidate","Not end-to-end verified","react; react-router-dom; lucide-react; ../lib/supabase; ../components/accidents/CaseSlaHeader; ../lib/api/accidentCase; ../lib/api/caseTimelineFeed; ../lib/api/accidentCommunications; ../lib/caseTimelineFeed; ../lib/accidentCaseVocab; ../lib/safeError; ../contexts/AuthContext","Trace bounded reads: prove totals, conflict checks and exports cover the intended dataset. Exercise primary action, denied access, scope change, error/retry and filtered export."
"AccidentPortalView","src/pages/AccidentPortalView.jsx","P2 workflow review","Not end-to-end verified","react; react-router-dom","Exercise primary action, denied access, scope change, error/retry and filtered export."
"Accidents","src/pages/Accidents.jsx","P1 candidate","Not end-to-end verified","react; react-router-dom; ../hooks/useFilterState; lucide-react; ../lib/accidentCaseVocab; ../components/accidents/VehicleMasterCard; ../components/illustrations; ../lib/brand/vehicleArt; framer-motion; ../components/ui/PageHeader; ../components/ui/DateField; ../components/ui/ActionMenu; ../components/EmptyState; ../lib/supabase; ../components/ui/EnterpriseTable; ../hooks/useReportMeta; ../lib/api/accidents; ../lib/api/assets; ../lib/api/sites; ../contexts/AuthContext; ../contexts/SettingsContext; ../lib/exportUtils; ../lib/emailService; ../lib/formatters; ../lib/storageRefs; react-chartjs-2; chart.js; ../lib/accidentVocab; ../lib/accidentReport; ../lib/reportColors; ../lib/api/accidentReportTemplates; ../lib/api/scheduledReports; ../lib/safeError; ../lib/auditLogger; ../lib/claimsAnalytics; ../lib/chartCapture; ../components/accidents/AccidentIntelligencePanel; ../components/accidents/ClaimProgressBoard; ../lib/accidentAnalytics; ../lib/accidentWorkflow; ../lib/accidentStages; ../lib/api/accidentWorkflow; ../lib/accidentFormVisibility","Trace bounded reads: prove totals, conflict checks and exports cover the intended dataset. Exercise primary action, denied access, scope change, error/retry and filtered export."
"AccidentWorkflowSettings","src/pages/AccidentWorkflowSettings.jsx","P2 workflow review","Not end-to-end verified","react; lucide-react; ../components/ui/PageHeader; ../components/ui/TablePagination; ../components/ui/Modal; ../contexts/AuthContext; ../lib/api/accidentWorkflow; ../lib/accidentWorkflow; ../lib/safeError","Exercise primary action, denied access, scope change, error/retry and filtered export."
"ActionCenter","src/pages/ActionCenter.jsx","P1 candidate","Not end-to-end verified","react; lucide-react; ../components/ui/PageHeader; ../contexts/SettingsContext; ../lib/api/actionCenter; ../lib/actionCenter; ../lib/exportUtils; ../lib/safeError; ../components/ui/TablePagination; ../lib/api/_client","Trace bounded reads: prove totals, conflict checks and exports cover the intended dataset. Distinguish unavailable backend from successful empty results. Exercise primary action, denied access, scope change, error/retry and filtered export."
"AdminConsole","src/pages/AdminConsole.jsx","P2 workflow review","Not end-to-end verified","react; react-router-dom; lucide-react; ../contexts/AuthContext; ../contexts/SettingsContext; ../lib/supabase; ../components/ui/PageHeader","Exercise primary action, denied access, scope change, error/retry and filtered export."
"AdvancedAnalytics","src/pages/AdvancedAnalytics.jsx","P2 workflow review","Not end-to-end verified","react; framer-motion; lucide-react; ../components/ui/Skeleton; chart.js; react-chartjs-2; ../lib/supabase; ../contexts/SettingsContext; ../contexts/LanguageContext; ../lib/exportUtils; ../components/ui/PageHeader; ../components/ui/SectionTabs; ../lib/analyticsEngine; ../lib/fetchAll; ../lib/formatters; ../lib/safeError; ../lib/useLatestRequest; ../components/ui/TablePagination","Exercise primary action, denied access, scope change, error/retry and filtered export."
"AdvancedSearch","src/pages/AdvancedSearch.jsx","P1 candidate","Not end-to-end verified","react; ../components/ui/TablePagination; lucide-react; ../components/ui/PageHeader; ../contexts/SettingsContext; ../lib/api/advancedSearch; ../lib/advancedSearch; ../lib/exportUtils; ../lib/safeError","Trace bounded reads: prove totals, conflict checks and exports cover the intended dataset. Exercise primary action, denied access, scope change, error/retry and filtered export."
"AiAdministration","src/pages/AiAdministration.jsx","P1 candidate","Not end-to-end verified","react; lucide-react; ../components/ai/AiOpsTabs; ../components/ui/PageHeader; ../components/ui/TablePagination; ../contexts/AuthContext; ../contexts/SettingsContext; ../lib/supabase; ../lib/exportUtils; ../lib/safeError; ../lib/aiAdmin; ../lib/api/aiModels; ../lib/api/aiPrompts; ../lib/api/aiBudgets; ../lib/api/aiFeedback; ../lib/api/_client","Trace bounded reads: prove totals, conflict checks and exports cover the intended dataset. Distinguish unavailable backend from successful empty results. Exercise primary action, denied access, scope change, error/retry and filtered export."
"AiAnalytics","src/pages/AiAnalytics.jsx","P2 workflow review","Not end-to-end verified","react; ../lib/api/aiAnalytics; ../contexts/SettingsContext; ../lib/anomalyEngine; ../lib/aiAnalytics; ../lib/aiRouter; ../lib/exportUtils; ../lib/safeError; chart.js; react-chartjs-2; lucide-react; ../components/ui/PageHeader; ../components/ui/TablePagination","Exercise primary action, denied access, scope change, error/retry and filtered export."
"AiCommandCenter","src/pages/AiCommandCenter.jsx","P2 workflow review","Not end-to-end verified","react; framer-motion; lucide-react; ../components/ui/PageHeader; ../lib/aiRouter; ../lib/aiOrchestratorClient; ../contexts/SettingsContext; ../contexts/TenantContext; ../lib/exportUtils","Exercise primary action, denied access, scope change, error/retry and filtered export."
"AiCostMonitor","src/pages/AiCostMonitor.jsx","P2 workflow review","Not end-to-end verified","react; lucide-react; ../lib/supabase; ../lib/api; ../lib/safeError; ../contexts/AuthContext; ../components/ui/PageHeader; ../components/ui/EnterpriseTable; ../hooks/useReportMeta","Exercise primary action, denied access, scope change, error/retry and filtered export."
"Alerts","src/pages/Alerts.jsx","P2 workflow review","Not end-to-end verified","react; react-router-dom; framer-motion; lucide-react; ../lib/supabase; ../lib/safeUrl; ../contexts/SettingsContext; ../contexts/LanguageContext; ../lib/alertEngine; ../components/ui/PageHeader; ../components/ui/Skeleton; ../lib/cn; ../lib/safeError","Exercise primary action, denied access, scope change, error/retry and filtered export."
"AlertThresholds","src/pages/AlertThresholds.jsx","P2 workflow review","Not end-to-end verified","react; lucide-react; ../lib/api/alertThresholds; ../lib/safeError; ../contexts/AuthContext; date-fns","Exercise primary action, denied access, scope change, error/retry and filtered export."
"Analytics","src/pages/Analytics.jsx","P2 workflow review","Not end-to-end verified","react; ../lib/supabase; ../contexts/SettingsContext; ../contexts/LanguageContext; ../lib/analyticsEngine; chart.js; react-chartjs-2; lucide-react; ../components/ui/PageHeader; ../components/ui/PeriodFilter; ../lib/formatters; ../lib/fetchAll; ../components/ui/EnterpriseTable; ../hooks/useReportMeta; ../lib/safeError; ../lib/reportColors; ../lib/costSources; ../lib/api/governedCost; ../components/cost/CostValue; ../components/ui/Card","Exercise primary action, denied access, scope change, error/retry and filtered export."
"Anomalies","src/pages/Anomalies.jsx","P2 workflow review","Not end-to-end verified","react; lucide-react; ../lib/supabase; ../lib/fetchAll; ../contexts/AuthContext; ../contexts/SettingsContext; ../components/ui/PageHeader; ../components/ui/EnterpriseTable; ../components/ui/DateField; ../lib/formatters; ../lib/governedCost; ../lib/cn; ../lib/safeError; ../lib/useLatestRequest; ../lib/anomalyEngine","Exercise primary action, denied access, scope change, error/retry and filtered export."
"ApprovalDelegations","src/pages/ApprovalDelegations.jsx","P1 candidate","Not end-to-end verified","react; lucide-react; ../components/ui/PageHeader; ../contexts/AuthContext; ../lib/api/approvalDelegations; ../lib/api/users; ../lib/approvalDelegations; ../lib/exportUtils; ../lib/safeError; ../components/ui/TablePagination; ../lib/api/_client","Trace bounded reads: prove totals, conflict checks and exports cover the intended dataset. Distinguish unavailable backend from successful empty results. Exercise primary action, denied access, scope change, error/retry and filtered export."
"ApprovalMatrix","src/pages/ApprovalMatrix.jsx","P2 workflow review","Not end-to-end verified","react; lucide-react; ../components/ui/PageHeader; ../components/ui/TablePagination; ../contexts/SettingsContext; ../contexts/LanguageContext; ../contexts/AuthContext; ../lib/api/approvalMatrix; ../lib/api/sites; ../lib/approvalPolicyCopy; ../lib/safeError; react-router-dom","Exercise primary action, denied access, scope change, error/retry and filtered export."
"Approvals","src/pages/Approvals.jsx","P1 candidate","Not end-to-end verified","react; react-router-dom; lucide-react; framer-motion; ../lib/api/workflows; ../lib/api/approvalsQueue; ../components/workflow/ApprovalReview; ../lib/approvalInbox; ../lib/countryFilter; ../lib/safeError; ../contexts/AuthContext; ../contexts/SettingsContext; date-fns; ../components/ui/PageHeader; ../components/workflow/ApprovalStatusBadge; ../components/workflow/ApprovalAction; ../components/workflow/ApprovalTrail; ../components/checklist/ChecklistAnswers; ../components/checklist/SignatureField; ../components/checklist/BlockingMarksNotice; ../components/checklist/ChecklistApprovalLadder; ../lib/workflow/stepRequirements; ../lib/checklist/checklistApproval; ../lib/checklist/checklistMarks; ../lib/api/userSignature; ../lib/savedSignature; ../lib/checklistView","Trace bounded reads: prove totals, conflict checks and exports cover the intended dataset. Distinguish unavailable backend from successful empty results. Exercise primary action, denied access, scope change, error/retry and filtered export."
"AssetBreakdowns","src/pages/AssetBreakdowns.jsx","P2 workflow review","Not end-to-end verified","react; ../components/ui/TablePagination; lucide-react; ../components/ui/PageHeader; ../components/ui/Card; ../components/ui/Modal; ../components/EmptyState; ../contexts/SettingsContext; ../contexts/AuthContext; ../lib/api/assetBreakdowns; ../lib/assetBreakdowns; ../lib/exportUtils; ../lib/safeError","Exercise primary action, denied access, scope change, error/retry and filtered export."
"AssetDetail","src/pages/AssetDetail.jsx","P1 candidate","Not end-to-end verified","react; react-router-dom; framer-motion; chart.js; react-chartjs-2; lucide-react; ../lib/supabase; ../lib/api/assetManagement; ../lib/api/pmPrograms; ../components/asset/AssetFullHistory; ../lib/api/costSummary; ../lib/api/assetMaster; ../lib/api/assetUtilization; ../lib/fleetUtilization; ../lib/api/assetOwnership; ../lib/assetOwnership; ../lib/safeError; ../lib/pmSchedule; ../lib/pmPrograms; ../contexts/SettingsContext; ../contexts/AuthContext; ../contexts/LanguageContext; ../lib/formatters; ../components/LoadingState; ../components/ui/TablePagination; ../components/EmptyState; ../components/CustomFieldsPanel; ../components/TyreBay; ../components/insurance/AssetInsurancePanel; ../components/workflow/EntityApprovalPanel; ../components/illustrations; ../lib/brand/vehicleArt; ../lib/severity","Distinguish unavailable backend from successful empty results. Exercise primary action, denied access, scope change, error/retry and filtered export."
"AssetDisposals","src/pages/AssetDisposals.jsx","P2 workflow review","Not end-to-end verified","react; react-router-dom; chart.js; react-chartjs-2; lucide-react; ../components/ui/PageHeader; ../components/ui/TablePagination; ../components/ui/Card; ../components/ui/Modal; ../components/present/StudioBoundary; ../contexts/SettingsContext; ../contexts/AuthContext; ../lib/api/assetDisposals; ../lib/assetDisposalReliability; ../lib/assetReplacement; ../lib/api/assetBreakdowns; ../lib/assetBreakdowns; ../lib/assetDisposal; ../lib/import/parseWorkbook; ../lib/reportColors; ../lib/exportUtils; ../lib/assetDisposalWorkbook; ../lib/safeError","Exercise primary action, denied access, scope change, error/retry and filtered export."
"AssetManagement","src/pages/AssetManagement.jsx","P2 workflow review","Not end-to-end verified","react; react-router-dom; ../hooks/useFilterState; ../hooks/useScrollRestore; framer-motion; chart.js; react-chartjs-2; lucide-react; ../components/ui/Skeleton; ../lib/api/assetManagement; ../contexts/SettingsContext; ../contexts/AuthContext; ../contexts/LanguageContext; ../lib/safeError; ../lib/formatters; ../components/ui/PageHeader; ../components/ui/TablePagination","Exercise primary action, denied access, scope change, error/retry and filtered export."
"AuditTrail","src/pages/AuditTrail.jsx","P2 workflow review","Not end-to-end verified","react; ../lib/supabase; ../lib/useLatestRequest; ../lib/fetchAll; ../lib/api/auditTrail; ../lib/exportUtils; ../lib/safeError; ../contexts/AuthContext; ../lib/formatters; lucide-react; framer-motion; ../components/ui/PageHeader; ../components/ui/EnterpriseTable; ../hooks/useReportMeta","Exercise primary action, denied access, scope change, error/retry and filtered export."
"AutomationRules","src/pages/AutomationRules.jsx","P1 candidate","Not end-to-end verified","react; react-router-dom; lucide-react; ../lib/api/businessRules; ../lib/safeError; date-fns; ../lib/formatters","Trace bounded reads: prove totals, conflict checks and exports cover the intended dataset. Exercise primary action, denied access, scope change, error/retry and filtered export."
"Batteries","src/pages/Batteries.jsx","P1 candidate","Not end-to-end verified","react; chart.js; react-chartjs-2; lucide-react; ../components/ui/PageHeader; ../contexts/SettingsContext; ../lib/api/batteries; ../lib/batteries; ../lib/exportUtils; ../lib/safeError; ../components/ui/TablePagination; ../lib/api/_client","Trace bounded reads: prove totals, conflict checks and exports cover the intended dataset. Distinguish unavailable backend from successful empty results. Exercise primary action, denied access, scope change, error/retry and filtered export."
"BayScheduling","src/pages/BayScheduling.jsx","P1 candidate","Not end-to-end verified","react; lucide-react; ../components/ui/PageHeader; ../components/ui/Card; ../components/ui/Modal; ../contexts/SettingsContext; ../lib/api/bayScheduling; ../lib/bayScheduling; ../lib/exportUtils; ../lib/safeError; ../components/ui/TablePagination; ../lib/api/_client","Trace bounded reads: prove totals, conflict checks and exports cover the intended dataset. Distinguish unavailable backend from successful empty results. Exercise primary action, denied access, scope change, error/retry and filtered export."
"Billing","src/pages/Billing.jsx","P1 candidate","Not end-to-end verified","react; lucide-react; ../components/ui/PageHeader; ../contexts/AuthContext; ../hooks/useBilling; ../lib/api/billing; ../lib/entitlements; ../lib/formatters; ../lib/safeError; ../components/ui/EnterpriseTable; ../hooks/useReportMeta; ../components/illustrations","Trace bounded reads: prove totals, conflict checks and exports cover the intended dataset. Exercise primary action, denied access, scope change, error/retry and filtered export."
"BoardOverview","src/pages/BoardOverview.jsx","P2 workflow review","Not end-to-end verified","react; chart.js; react-chartjs-2; lucide-react; ../components/ui/PageHeader; ../components/ui/Card; ../components/ui/DateField; ../components/shell/ReportingScopeBar; ../components/expense/YearlyTrendPanel; ../contexts/SettingsContext; ../lib/formatters; ../lib/fetchAll; ../lib/api/engineeringKpi; ../lib/api/accidents; ../lib/api/workOrders; ../lib/api/stock; ../lib/boardOverview; ../lib/costSources; ../lib/api/governedCost; ../components/cost/CostValue; ../lib/api/fleetCpk; ../lib/fleetCpkView; ../lib/reportingScope; ../lib/reportingScopeQuery; ../lib/boardScope; ../lib/reportColors; ../lib/exportUtils; ../components/EmailPdfButton; ../components/present/PresentationStudio; ../components/present/StudioBoundary; ../lib/safeError","Exercise primary action, denied access, scope change, error/retry and filtered export."
"BrandAssets","src/pages/BrandAssets.jsx","P2 workflow review","Not end-to-end verified","react; lucide-react; framer-motion; ../components/ui/PageHeader; ../components/illustrations; ../components/icons; ../lib/brand/library","Exercise primary action, denied access, scope change, error/retry and filtered export."
"BrandPerformance","src/pages/BrandPerformance.jsx","P2 workflow review","Not end-to-end verified","react; ../lib/supabase; ../contexts/SettingsContext; ../lib/analyticsEngine; chart.js; react-chartjs-2; lucide-react; ../lib/api/brandSizeCpk; ../lib/brandSizeCpk; ../components/ui/Skeleton; framer-motion; ../components/ui/PageHeader; ../components/ui/PeriodFilter; ../components/ChartModal; ../lib/exportUtils; ../lib/formatters; ../lib/fetchAll; ../lib/api/governedCost; ../components/ui/EnterpriseTable; ../hooks/useReportMeta; ../lib/safeError","Exercise primary action, denied access, scope change, error/retry and filtered export."
"BreakdownCallouts","src/pages/BreakdownCallouts.jsx","P1 candidate","Not end-to-end verified","react; lucide-react; ../components/ui/PageHeader; ../contexts/SettingsContext; ../lib/api/breakdownCallouts; ../lib/breakdownCallouts; ../lib/exportUtils; ../lib/safeError; ../components/ui/TablePagination; ../lib/api/_client","Trace bounded reads: prove totals, conflict checks and exports cover the intended dataset. Distinguish unavailable backend from successful empty results. Exercise primary action, denied access, scope change, error/retry and filtered export."
"Broadcast","src/pages/Broadcast.jsx","P1 candidate","Not end-to-end verified","has a phone signed in; react; lucide-react; ../components/ui/PageHeader; ../contexts/SettingsContext; ../lib/api/broadcast; ../lib/api/customRoles; ../lib/api/sites; ../lib/safeError","Trace bounded reads: prove totals, conflict checks and exports cover the intended dataset. Distinguish unavailable backend from successful empty results. Exercise primary action, denied access, scope change, error/retry and filtered export."
"BudgetPlanner","src/pages/BudgetPlanner.jsx","P2 workflow review","Not end-to-end verified","react; framer-motion; ../lib/supabase; ../contexts/SettingsContext; ../contexts/AuthContext; ../contexts/TenantContext; ../contexts/LanguageContext; ../lib/exportUtils; ../lib/safeError; ../lib/useLatestRequest; chart.js; react-chartjs-2; ../components/ui/PageHeader; ../components/budgets/BudgetTabs; ../components/ui/EnterpriseTable; ../hooks/useReportMeta; ../lib/fetchAll; ../lib/pdfEngine; lucide-react","Exercise primary action, denied access, scope change, error/retry and filtered export."
"Budgets","src/pages/Budgets.jsx","P2 workflow review","Not end-to-end verified","react; ../contexts/AuthContext; ../contexts/SettingsContext; ../contexts/LanguageContext; lucide-react; framer-motion; ../components/ui/PageHeader; ../components/ui/Card; ../components/ui/Modal; ../components/budgets/BudgetTabs; ../lib/exportUtils; ../lib/formatters; ../lib/safeError; ../lib/api/budgets; chart.js; react-chartjs-2; ../components/ui/EnterpriseTable; ../hooks/useReportMeta","Exercise primary action, denied access, scope change, error/retry and filtered export."
"CarbonTracker","src/pages/CarbonTracker.jsx","P1 candidate","Not end-to-end verified","react; chart.js; react-chartjs-2; lucide-react; ../components/ui/PageHeader; ../components/ui/Card; ../components/EmailPdfButton; ../contexts/SettingsContext; ../contexts/AuthContext; ../lib/api/carbon; ../lib/carbon; ../lib/safeError; ../lib/exportUtils; ../components/ui/TablePagination","Distinguish unavailable backend from successful empty results. Exercise primary action, denied access, scope change, error/retry and filtered export."
"Certifications","src/pages/Certifications.jsx","P1 candidate","Not end-to-end verified","react; chart.js; react-chartjs-2; lucide-react; ../components/ui/PageHeader; ../components/ui/Card; ../components/ui/Modal; ../contexts/SettingsContext; ../lib/api/certifications; ../lib/certificationsAnalytics; ../lib/reportColors; ../lib/exportUtils; ../lib/safeError; ../components/ui/TablePagination; ../lib/api/_client","Trace bounded reads: prove totals, conflict checks and exports cover the intended dataset. Distinguish unavailable backend from successful empty results. Exercise primary action, denied access, scope change, error/retry and filtered export."
"ChargingSessions","src/pages/ChargingSessions.jsx","P1 candidate","Not end-to-end verified","react; lucide-react; ../components/ui/PageHeader; ../contexts/SettingsContext; ../lib/api/chargingSessions; ../lib/chargingSessions; ../lib/exportUtils; ../lib/safeError; ../components/ui/TablePagination; ../lib/api/_client","Trace bounded reads: prove totals, conflict checks and exports cover the intended dataset. Distinguish unavailable backend from successful empty results. Exercise primary action, denied access, scope change, error/retry and filtered export."
"ChecklistBuilder","src/pages/ChecklistBuilder.jsx","P1 candidate","Not end-to-end verified","react; react-router-dom; lucide-react; ../components/ui/PageHeader; ../contexts/SettingsContext; ../lib/checklist/fieldTypes; ../lib/checklist/checklistI18n; ../lib/checklist/checklistMarks; ../lib/checklist/checklistIcons; ../lib/checklist/checklistRoles; ../lib/api/checklists; ../lib/api/customRoles; ../lib/moduleCatalog; ../lib/checklist/importChecklist; ../lib/safeError","Distinguish unavailable backend from successful empty results. Exercise primary action, denied access, scope change, error/retry and filtered export."
"ChecklistInsights","src/pages/ChecklistInsights.jsx","P2 workflow review","Not end-to-end verified","react; react-router-dom; lucide-react; chart.js; react-chartjs-2; ../components/ui/PageHeader; ../components/ui/TablePagination; ../contexts/SettingsContext; ../lib/api/checklists; ../lib/checklist/fieldTypes; ../lib/safeError; ../lib/api/_client","Exercise primary action, denied access, scope change, error/retry and filtered export."
"ChecklistRun","src/pages/ChecklistRun.jsx","P1 candidate","Not end-to-end verified","react; react-router-dom; lucide-react; ../contexts/SettingsContext; ../lib/formatters; ../contexts/AuthContext; ../lib/checklist/checklistDraft; ../contexts/LanguageContext; ../lib/api/checklists; ../lib/checklist/fieldTypes; ../lib/checklist/checklistMarks; ../lib/checklist/checklistI18n; ../lib/api/checklistSchedules; ../components/SignaturePad; ../components/checklist/ReferencePicker; ../components/checklist/MarkChip; ../components/checklist/BlockingMarksNotice; ../lib/api/assets; ../lib/safeUrl; ../lib/safeError; ../lib/api/_client","Trace bounded reads: prove totals, conflict checks and exports cover the intended dataset. Exercise primary action, denied access, scope change, error/retry and filtered export."
"Checklists","src/pages/Checklists.jsx","P2 workflow review","Not end-to-end verified","react; react-router-dom; lucide-react; ../components/ui/PageHeader; ../contexts/SettingsContext; ../contexts/AuthContext; ../lib/api/checklists; ../lib/checklist/fieldTypes; ../lib/checklist/checklistI18n; ../lib/checklist/checklistIcons; ../lib/checklist/checklistRoles; ../lib/checklistMonthly; ../lib/checklistPdf; ../lib/safeError; ../contexts/TenantContext; ../components/checklist/ChecklistViewerDrawer; ../components/checklist/MonthlyGridPanel; ../components/ui/TablePagination; ../lib/api/_client","Exercise primary action, denied access, scope change, error/retry and filtered export."
"ChecklistSchedules","src/pages/ChecklistSchedules.jsx","P1 candidate","Not end-to-end verified","react; ../components/ui/TablePagination; react-router-dom; lucide-react; ../components/ui/PageHeader; ../contexts/SettingsContext; ../lib/api/checklistSchedules; ../lib/api/checklists; ../hooks/useSites; ../lib/safeError; ../lib/api/customRoles; ../lib/api/_client","Trace bounded reads: prove totals, conflict checks and exports cover the intended dataset. Distinguish unavailable backend from successful empty results. Exercise primary action, denied access, scope change, error/retry and filtered export."
"ChecklistSubmission","src/pages/ChecklistSubmission.jsx","P2 workflow review","Not end-to-end verified","react; react-router-dom; lucide-react; ../lib/api/checklists; ../lib/checklist/fieldTypes; ../lib/checklistView; ../components/checklist/MarkChip; ../components/checklist/SignatureView; ../components/checklist/ChecklistApprovalLadder; ../components/checklist/ChecklistDecisionPanel; ../components/checklist/BlockingMarksNotice; ../lib/checklistPdf; ../lib/checklist/checklistI18n; ../contexts/TenantContext; ../components/workflow/EntityApprovalPanel; ../lib/safeUrl; ../lib/safeError; ../lib/api/_client","Exercise primary action, denied access, scope change, error/retry and filtered export."
"ClaimsSummary","src/pages/ClaimsSummary.jsx","P2 workflow review","Not end-to-end verified","react; ../components/ui/TablePagination; chart.js; react-chartjs-2; lucide-react; ../components/ui/PageHeader; ../components/ui/DateField; ../contexts/SettingsContext; ../lib/formatters; ../lib/api/accidents; ../lib/claimsAnalytics; ../lib/exportUtils; ../components/EmailPdfButton; ../lib/safeError","Exercise primary action, denied access, scope change, error/retry and filtered export."
"ColdChain","src/pages/ColdChain.jsx","P1 candidate","Not end-to-end verified","react; chart.js; react-chartjs-2; lucide-react; ../components/ui/PageHeader; ../components/ui/Card; ../components/ui/Modal; ../contexts/SettingsContext; ../lib/api/coldChain; ../lib/api/_client; ../lib/coldChain; ../lib/coldChainAnalytics; ../lib/exportUtils; ../lib/safeError; ../components/ui/TablePagination","Trace bounded reads: prove totals, conflict checks and exports cover the intended dataset. Distinguish unavailable backend from successful empty results. Exercise primary action, denied access, scope change, error/retry and filtered export."
"Combinations","src/pages/Combinations.jsx","P1 candidate","Not end-to-end verified","react; lucide-react; ../components/ui/PageHeader; ../components/ui/Card; ../components/ui/Modal; ../components/ui/TablePagination; ../contexts/SettingsContext; ../lib/api/combinations; ../lib/combinations; ../lib/exportUtils; ../lib/formatters; ../lib/safeError","Distinguish unavailable backend from successful empty results. Exercise primary action, denied access, scope change, error/retry and filtered export."
"Comparison","src/pages/Comparison.jsx","P2 workflow review","Not end-to-end verified","react; ../contexts/LanguageContext; ../contexts/SettingsContext; ../lib/supabase; react-chartjs-2; chart.js; ../lib/exportUtils; ../lib/formatters; ../lib/fetchAll; ../lib/analyticsEngine; ../lib/safeError; lucide-react; ../components/ui/PageHeader; ../components/ui/SegmentedControl; ../components/ui/EnterpriseTable; ../hooks/useReportMeta","Exercise primary action, denied access, scope change, error/retry and filtered export."
"ComplianceDashboard","src/pages/ComplianceDashboard.jsx","P2 workflow review","Not end-to-end verified","react; framer-motion; ../components/ui/PageHeader; chart.js; react-chartjs-2; lucide-react; ../lib/supabase; ../lib/fetchAll; ../contexts/AuthContext; ../contexts/SettingsContext; ../contexts/TenantContext; ../lib/exportUtils; ../lib/formatters; ../lib/safeError; ../lib/pdfEngine","Exercise primary action, denied access, scope change, error/retry and filtered export."
"ContinuousImprovement","src/pages/ContinuousImprovement.jsx","P2 workflow review","Not end-to-end verified","react; framer-motion; lucide-react; chart.js; react-chartjs-2; ../lib/api/continuousImprovement; ../contexts/SettingsContext; ../lib/exportUtils; ../components/ui/PageHeader; ../components/ui/TablePagination; ../components/ui/SegmentedControl; ../lib/safeError","Exercise primary action, denied access, scope change, error/retry and filtered export."
"Contracts","src/pages/Contracts.jsx","P1 candidate","Not end-to-end verified","react; ../components/ui/TablePagination; lucide-react; chart.js; react-chartjs-2; ../components/ui/PageHeader; ../contexts/SettingsContext; ../lib/api/contracts; ../lib/contractsAnalytics; ../lib/formatters; ../lib/reportColors; ../lib/exportUtils; ../lib/safeError","Trace bounded reads: prove totals, conflict checks and exports cover the intended dataset. Exercise primary action, denied access, scope change, error/retry and filtered export."
"CorrectiveActions","src/pages/CorrectiveActions.jsx","P2 workflow review","Not end-to-end verified","react; ../lib/api; ../contexts/AuthContext; ../contexts/SettingsContext; lucide-react; ../components/ui/PageHeader; ../components/ui/TablePagination; ../components/ui/Skeleton; ../lib/formatters; ../lib/formatters; ../contexts/LanguageContext; ../lib/safeError","Exercise primary action, denied access, scope change, error/retry and filtered export."
"CostCenter","src/pages/CostCenter.jsx","P1 candidate","Not end-to-end verified","react; framer-motion; ../lib/api; ../contexts/SettingsContext; ../contexts/LanguageContext; ../lib/exportUtils; ../lib/costSources; ../lib/api/governedCost; ../components/cost/CostValue; ../lib/costIntelligence; ../lib/api/production; ../lib/import; ../lib/erpImport; ../lib/api/_client; ../contexts/AuthContext; ../lib/safeError; ../components/ui/PageHeader; ../components/ui/DateField; ../components/expense/YearlyTrendPanel; ../components/EmailPdfButton; ../components/budgets/BudgetTabs; lucide-react; ../components/ui/Skeleton; ../components/ui/TablePagination; chart.js; react-chartjs-2","Distinguish unavailable backend from successful empty results. Exercise primary action, denied access, scope change, error/retry and filtered export."
"CostPerM3","src/pages/CostPerM3.jsx","P2 workflow review","Not end-to-end verified","react; lucide-react; react-router-dom; ../components/ui/PageHeader; ../components/ui/TablePagination; ../components/ui/DateField; ../components/trust/ExplainThisNumber; ../contexts/SettingsContext; ../lib/api/costPerM3; ../lib/cpkModule; ../lib/costPerM3; ../lib/exportUtils; ../components/present/PresentationStudio; ../components/present/StudioBoundary; ../lib/safeError","Exercise primary action, denied access, scope change, error/retry and filtered export."
"CostScenarioPlanner","src/pages/CostScenarioPlanner.jsx","P2 workflow review","Not end-to-end verified","react; chart.js; react-chartjs-2; lucide-react; ../components/ui/PageHeader; ../contexts/SettingsContext; ../lib/formatters; ../lib/costScenario","Exercise primary action, denied access, scope change, error/retry and filtered export."
"CountryComparison","src/pages/CountryComparison.jsx","P2 workflow review","Not end-to-end verified","react; ../contexts/LanguageContext; ../contexts/SettingsContext; ../lib/supabase; react-chartjs-2; chart.js; lucide-react; ../components/ui/PageHeader; ../components/ui/EnterpriseTable; ../hooks/useReportMeta; ../lib/formatters; ../lib/fetchAll; ../lib/analyticsEngine; ../lib/safeError","Exercise primary action, denied access, scope change, error/retry and filtered export."
"CpkIntelligence","src/pages/CpkIntelligence.jsx","P2 workflow review","Not end-to-end verified","react; lucide-react; ../components/ui/PageHeader; ../components/ui/DateField; ../contexts/SettingsContext; ../lib/api/fleetCpk; ../lib/api/tyrePriceBackfill; ../lib/api/cpkDrivers; ../lib/api/brandSizeCpk; ../lib/cpkModule; ../lib/fleetCpkView; ../lib/exportUtils; ../components/cpk/CpkDataTable; ../lib/safeError","Exercise primary action, denied access, scope change, error/retry and filtered export."
"CustomData","src/pages/CustomData.jsx","P2 workflow review","Not end-to-end verified","react; framer-motion; ../lib/supabase; ../lib/api/customData; ../contexts/AuthContext; ../contexts/SettingsContext; ../contexts/LanguageContext; ../lib/formatters; ../lib/safeError; lucide-react; ../components/ui/PageHeader; ../components/ui/TablePagination","Exercise primary action, denied access, scope change, error/retry and filtered export."
"CustomerPortal","src/pages/CustomerPortal.jsx","P1 candidate","Not end-to-end verified","react; lucide-react; ../components/ui/PageHeader; ../contexts/SettingsContext; ../lib/api/customerPortal; ../lib/customerPortal; ../lib/exportUtils; ../lib/safeError; ../components/ui/TablePagination; ../lib/api/_client","Trace bounded reads: prove totals, conflict checks and exports cover the intended dataset. Distinguish unavailable backend from successful empty results. Exercise primary action, denied access, scope change, error/retry and filtered export."
"Customers","src/pages/Customers.jsx","P1 candidate","Not end-to-end verified","react; lucide-react; ../components/ui/PageHeader; ../contexts/SettingsContext; ../lib/api/customers; ../lib/customers; ../lib/exportUtils; ../lib/safeError; ../components/ui/TablePagination; ../lib/api/_client","Trace bounded reads: prove totals, conflict checks and exports cover the intended dataset. Distinguish unavailable backend from successful empty results. Exercise primary action, denied access, scope change, error/retry and filtered export."
"CustomRolesManager","src/pages/CustomRolesManager.jsx","P1 candidate","Not end-to-end verified","react; ../components/ui/TablePagination; lucide-react; ../contexts/AuthContext; ../lib/moduleCatalog; ../components/Layout; ../lib/safeError; ../lib/api/customRoles; ../lib/api/_client","Distinguish unavailable backend from successful empty results. Exercise primary action, denied access, scope change, error/retry and filtered export."
"DailyOps","src/pages/DailyOps.jsx","P1 candidate","Not end-to-end verified","react; framer-motion; chart.js; react-chartjs-2; lucide-react; ../lib/api/dailyOps; ../contexts/SettingsContext; ../contexts/TenantContext; ../lib/exportUtils; ../components/ui/PageHeader; ../components/ui/Card; ../components/ui/Modal; ../components/ui/TablePagination; ../contexts/LanguageContext; ../lib/dailyOpsPriority; ../lib/api/actionCenter; ../lib/api/operationalWorkflow; ../contexts/AuthContext","Trace bounded reads: prove totals, conflict checks and exports cover the intended dataset. Distinguish unavailable backend from successful empty results. Exercise primary action, denied access, scope change, error/retry and filtered export."
"Dashboard","src/pages/Dashboard.jsx","P1 candidate","Not end-to-end verified","react; react-router-dom; framer-motion; ../lib/api; ../lib/fetchAll; ../lib/api/pmPrograms; ../lib/api/workshopLive; ../lib/api/governedCost; ../lib/useLatestRequest; ../components/cost/CostValue; ../components/dashboard/DailyJobCards; ../lib/costSources; ../lib/pmSchedule; ../contexts/AuthContext; ../contexts/SettingsContext; ../components/expense/YearlyTrendPanel; ../contexts/TenantContext; ../contexts/LanguageContext; ../lib/formatters; ../lib/safeError; ../lib/analyticsEngine; react-chartjs-2; chart.js; lucide-react; ../components/ChartModal; ../components/EmptyState; ../components/ui/SegmentedControl; ../components/ui/DateField; ../components/ui/StatTile; ../components/ui/Gauge; ../components/ui/Skeleton; ../components/ui/Card","Trace bounded reads: prove totals, conflict checks and exports cover the intended dataset. Distinguish unavailable backend from successful empty results. Exercise primary action, denied access, scope change, error/retry and filtered export."
"DashboardBuilder","src/pages/DashboardBuilder.jsx","P2 workflow review","Not end-to-end verified","react; lucide-react; ../contexts/AuthContext; ../contexts/SettingsContext; ../hooks/useSites; ../components/dashboard/WidgetRenderer; ../lib/dashboardBuilder; ../lib/api/savedViews; ../lib/safeError","Exercise primary action, denied access, scope change, error/retry and filtered export."
"DataCleaning","src/pages/DataCleaning.jsx","P2 workflow review","Not end-to-end verified","react; ../lib/api; ../lib/useLatestRequest; ../contexts/AuthContext; ../contexts/SettingsContext; ../lib/tyreClassifier; lucide-react; ../components/ui/Skeleton; framer-motion; ../components/ui/PageHeader; ../lib/formatters; ../lib/safeError; ${filterSite}","Exercise primary action, denied access, scope change, error/retry and filtered export."
"DataDeletion","src/pages/DataDeletion.jsx","P2 workflow review","Not end-to-end verified","react","Exercise primary action, denied access, scope change, error/retry and filtered export."
"DataIntakeCenter","src/pages/DataIntakeCenter.jsx","P1 candidate","Not end-to-end verified","react; react-router-dom; lucide-react; ../contexts/AuthContext; ../contexts/SettingsContext; ../contexts/LanguageContext; ../lib/import; ../lib/api/imports; ../lib/api/importHistory; ../lib/api/systemConfig; ../lib/import/diagnostics; ../lib/api/importDiagnostics; ./ProductionM3; ./ScoCosts; ./SanyInvoices; ./SitesIntake; ../components/intake/MappingProfilesManager; ../components/intake/DataLinkPanel; ../components/intake/CostControlPanel; ../components/intake/DataCompletenessPanel; ../components/intake/ImportTemplatePanel; ../components/intake/HeaderChangeDialog; ../components/intake/IntakeDiagnosticsPanel; ../lib/safeError; ../components/ui/TablePagination","Trace bounded reads: prove totals, conflict checks and exports cover the intended dataset. Exercise primary action, denied access, scope change, error/retry and filtered export."
"DataIntakeHistory","src/pages/DataIntakeHistory.jsx","P2 workflow review","Not end-to-end verified","react; react-router-dom; lucide-react; ../contexts/AuthContext; ../contexts/SettingsContext; ../contexts/LanguageContext; ../lib/api/imports; ../lib/import/reconcile; ../lib/formatters; ../lib/safeError; ../components/ui/FilterBar; ../components/ui/TablePagination","Exercise primary action, denied access, scope change, error/retry and filtered export."
"DataReconciliation","src/pages/DataReconciliation.jsx","P2 workflow review","Not end-to-end verified","react; ../lib/api; ../lib/safeError; ../components/ui/PageHeader; ../components/EmptyState; ../components/ui/Skeleton; ../components/ui/FilterBar; ../components/ui/DateField; ../components/ui/TablePagination; ../hooks/useFilterState; ../components/reconciliation/BrandGapSection; ../components/reconciliation/TyreLearningSection; ../components/reconciliation/TyrePriceSection; ../components/reconciliation/JobcardDateSection; ../components/reconciliation/DupKeyTyresSection; ../components/reconciliation/SerialMultiAssetSection; ../components/reconciliation/FreetextTyreSection; ../components/reconciliation/TyreLifeCapSection; ../components/reconciliation/DataQualityScorecard; ../components/reconciliation/AssetMasterSection; ../components/reconciliation/DataTrustSection; lucide-react","Exercise primary action, denied access, scope change, error/retry and filtered export."
"DesignSystem","src/pages/DesignSystem.jsx","P2 workflow review","Not end-to-end verified","react; lucide-react; ../components/ui/PageHeader; ../components/ui/Card; ../components/ui/Modal; ../components/ui/EnterpriseTable","Exercise primary action, denied access, scope change, error/retry and filtered export."
"DeveloperPortal","src/pages/DeveloperPortal.jsx","P1 candidate","Not end-to-end verified","react; lucide-react; ../components/ui/PageHeader; ../components/ui/TablePagination; ../contexts/SettingsContext; ../lib/api/developerPortal; ../lib/developerPortal; ../lib/exportUtils; ../lib/safeError; ../lib/api/_client","Trace bounded reads: prove totals, conflict checks and exports cover the intended dataset. Exercise primary action, denied access, scope change, error/retry and filtered export."
"DigitalTwin","src/pages/DigitalTwin.jsx","P2 workflow review","Not end-to-end verified","react; react-router-dom; lucide-react; ../components/ui/PageHeader; ../contexts/SettingsContext; ../lib/api/digitalTwin; ../lib/digitalTwin; ../lib/safeError; ../lib/tyreAge","Exercise primary action, denied access, scope change, error/retry and filtered export."
"Dispatch","src/pages/Dispatch.jsx","P1 candidate","Not end-to-end verified","react; chart.js; react-chartjs-2; lucide-react; ../components/ui/PageHeader; ../contexts/SettingsContext; ../lib/api/dispatch; ../lib/dispatch; ../lib/exportUtils; ../lib/safeError; ../components/ui/TablePagination; ../lib/api/_client","Trace bounded reads: prove totals, conflict checks and exports cover the intended dataset. Distinguish unavailable backend from successful empty results. Exercise primary action, denied access, scope change, error/retry and filtered export."
"DisplayDashboard","src/pages/DisplayDashboard.jsx","P1 candidate","Not end-to-end verified","react; react-router-dom; lucide-react; ../lib/supabase; ../lib/fetchAll; ../lib/safeUrl; ../lib/safeError; ../contexts/TenantContext; ../lib/severity; ../lib/accidentVocab; ../components/ui/StatTile; ../lib/displayBoard; ../lib/api/pmPrograms; ../lib/api/workshopLive; ../lib/pmSchedule; ../components/charts/EChart; ../lib/displayCharts","Trace bounded reads: prove totals, conflict checks and exports cover the intended dataset. Distinguish unavailable backend from successful empty results. Exercise primary action, denied access, scope change, error/retry and filtered export."
"DowntimeTracker","src/pages/DowntimeTracker.jsx","P2 workflow review","Not end-to-end verified","react; framer-motion; ../lib/supabase; ../lib/fetchAll; ../contexts/SettingsContext; chart.js; react-chartjs-2; lucide-react; ../components/StatCard; ../components/ui/PageHeader; ../components/ui/SegmentedControl; ../lib/exportUtils; ../contexts/TenantContext; ../contexts/LanguageContext; ../lib/safeError; ../lib/pdfEngine","Exercise primary action, denied access, scope change, error/retry and filtered export."
"DriverCoaching","src/pages/DriverCoaching.jsx","P1 candidate","Not end-to-end verified","react; lucide-react; ../components/ui/PageHeader; ../contexts/SettingsContext; ../lib/api/driverCoaching; ../lib/driverCoaching; ../lib/exportUtils; ../lib/safeError; ../components/ui/TablePagination; ../lib/api/_client","Trace bounded reads: prove totals, conflict checks and exports cover the intended dataset. Distinguish unavailable backend from successful empty results. Exercise primary action, denied access, scope change, error/retry and filtered export."
"DriverDetail","src/pages/DriverDetail.jsx","P2 workflow review","Not end-to-end verified","react; react-router-dom; framer-motion; lucide-react; ../lib/supabase; ../lib/fetchAll; ../contexts/SettingsContext; ../contexts/LanguageContext; ../lib/exportUtils; ../lib/safeError; ../components/EmptyState; ../components/LoadingState; ../components/workflow/EntityApprovalPanel","Exercise primary action, denied access, scope change, error/retry and filtered export."
"DriverDocuments","src/pages/DriverDocuments.jsx","P1 candidate","Not end-to-end verified","react; lucide-react; ../components/ui/PageHeader; ../contexts/SettingsContext; ../lib/api/driverDocuments; ../lib/driverDocuments; ../lib/exportUtils; ../lib/safeError; ../components/ui/TablePagination; ../lib/api/_client","Trace bounded reads: prove totals, conflict checks and exports cover the intended dataset. Distinguish unavailable backend from successful empty results. Exercise primary action, denied access, scope change, error/retry and filtered export."
"DriverExpenses","src/pages/DriverExpenses.jsx","P1 candidate","Not end-to-end verified","react; chart.js; react-chartjs-2; lucide-react; ../components/ui/PageHeader; ../contexts/SettingsContext; ../lib/formatters; ../lib/api/driverExpenses; ../lib/driverExpensesAnalytics; ../lib/safeError; ../lib/exportUtils; ../lib/reportColors; ../components/ui/TablePagination","Trace bounded reads: prove totals, conflict checks and exports cover the intended dataset. Exercise primary action, denied access, scope change, error/retry and filtered export."
"DriverManagement","src/pages/DriverManagement.jsx","P2 workflow review","Not end-to-end verified","react; framer-motion; ../lib/supabase; ../lib/fetchAll; ../contexts/SettingsContext; ../lib/safeError; ../components/ui/PageHeader; ../components/EmptyState; lucide-react; react-router-dom; ../hooks/useFilterState; ../hooks/useScrollRestore; chart.js; react-chartjs-2","Exercise primary action, denied access, scope change, error/retry and filtered export."
"DriverSafety","src/pages/DriverSafety.jsx","P1 candidate","Not end-to-end verified","react; chart.js; react-chartjs-2; lucide-react; ../components/ui/PageHeader; ../components/ui/Card; ../components/ui/Modal; ../components/EmailPdfButton; ../contexts/SettingsContext; ../lib/api/driverSafety; ../lib/driverSafety; ../lib/exportUtils; ../lib/safeError; ../components/ui/TablePagination; ../lib/api/_client","Distinguish unavailable backend from successful empty results. Exercise primary action, denied access, scope change, error/retry and filtered export."
"DriverTraining","src/pages/DriverTraining.jsx","P1 candidate","Not end-to-end verified","react; lucide-react; ../components/ui/PageHeader; ../contexts/SettingsContext; ../lib/api/driverTraining; ../lib/driverTraining; ../lib/exportUtils; ../lib/safeError; ../components/ui/TablePagination; ../lib/api/_client","Trace bounded reads: prove totals, conflict checks and exports cover the intended dataset. Distinguish unavailable backend from successful empty results. Exercise primary action, denied access, scope change, error/retry and filtered export."
"DriverWorkspace","src/pages/DriverWorkspace.jsx","P2 workflow review","Not end-to-end verified","react; react-router-dom; ../contexts/LanguageContext; ../components/ui/PageHeader; ../components/SignaturePad; ../lib/api/driverWorkspace; ../lib/driverWorkspace; ../lib/safeError; ../lib/driverWorkspaceCopy","Exercise primary action, denied access, scope change, error/retry and filtered export."
"DtcDiagnostics","src/pages/DtcDiagnostics.jsx","P1 candidate","Not end-to-end verified","react; chart.js; react-chartjs-2; lucide-react; ../components/ui/PageHeader; ../components/ui/Card; ../components/ui/Modal; ../contexts/SettingsContext; ../lib/api/dtcCodes; ../lib/dtcCodes; ../lib/reportColors; ../lib/exportUtils; ../lib/safeError; ../components/ui/TablePagination; ../lib/api/_client","Trace bounded reads: prove totals, conflict checks and exports cover the intended dataset. Distinguish unavailable backend from successful empty results. Exercise primary action, denied access, scope change, error/retry and filtered export."
"Dvir","src/pages/Dvir.jsx","P1 candidate","Not end-to-end verified","react; chart.js; react-chartjs-2; lucide-react; ../components/ui/PageHeader; ../contexts/SettingsContext; ../lib/api/dvir; ../lib/dvir; ../lib/exportUtils; ../lib/safeError; ../components/ui/TablePagination; ../lib/api/_client","Trace bounded reads: prove totals, conflict checks and exports cover the intended dataset. Distinguish unavailable backend from successful empty results. Exercise primary action, denied access, scope change, error/retry and filtered export."
"Emissions","src/pages/Emissions.jsx","P1 candidate","Not end-to-end verified","react; lucide-react; ../components/ui/PageHeader; ../contexts/SettingsContext; ../lib/api/emissionsTests; ../lib/emissionsTests; ../lib/exportUtils; ../lib/safeError; ../components/ui/TablePagination; ../lib/api/_client","Trace bounded reads: prove totals, conflict checks and exports cover the intended dataset. Distinguish unavailable backend from successful empty results. Exercise primary action, denied access, scope change, error/retry and filtered export."
"EngineeringKpi","src/pages/EngineeringKpi.jsx","P2 workflow review","Not end-to-end verified","react; ../lib/api/engineeringKpi; ../lib/fetchAll; ../lib/safeError; ../contexts/SettingsContext; ../lib/api/costSummary; ../lib/api/governedCost; ../lib/costSources; ../lib/exportUtils; ../lib/kpiEngine; chart.js; react-chartjs-2; lucide-react; framer-motion; ../components/ui/PageHeader; ../components/ui/TablePagination; ../components/ui/DateField; ../components/trust/ExplainThisNumber; ../components/expense/YearlyTrendPanel; ../components/ui/SectionTabs; ../components/EmailReportModal","Exercise primary action, denied access, scope change, error/retry and filtered export."
"EngineHours","src/pages/EngineHours.jsx","P1 candidate","Not end-to-end verified","react; chart.js; react-chartjs-2; lucide-react; ../components/ui/PageHeader; ../components/ui/Card; ../components/ui/Modal; ../contexts/SettingsContext; ../lib/api/engineHours; ../lib/engineHoursAnalytics; ../lib/reportColors; ../lib/exportUtils; ../lib/safeError; ../components/ui/TablePagination; ../lib/api/_client","Trace bounded reads: prove totals, conflict checks and exports cover the intended dataset. Distinguish unavailable backend from successful empty results. Exercise primary action, denied access, scope change, error/retry and filtered export."
"Equipment","src/pages/Equipment.jsx","P1 candidate","Not end-to-end verified","react; lucide-react; chart.js; react-chartjs-2; ../components/ui/PageHeader; ../contexts/SettingsContext; ../contexts/AuthContext; ../lib/api/equipment; ../lib/equipment; ../lib/reportColors; ../lib/safeError; ../lib/exportUtils; ../components/ui/TablePagination; ../lib/api/_client","Distinguish unavailable backend from successful empty results. Exercise primary action, denied access, scope change, error/retry and filtered export."
"ErpImport","src/pages/ErpImport.jsx","P1 candidate","Not end-to-end verified","react; lucide-react; ../contexts/AuthContext; ../contexts/SettingsContext; ../components/ui/PageHeader; ../lib/import; ../lib/erpImport; ../lib/api/erpImport; ../lib/api/production; ../lib/exportUtils; ../lib/api/systemConfig; ../lib/erpTemplates; ../lib/safeError; ../components/ui/TablePagination","Distinguish unavailable backend from successful empty results. Exercise primary action, denied access, scope change, error/retry and filtered export."
"ErpIntake","src/pages/ErpIntake.jsx","P2 workflow review","Not end-to-end verified","react; react-router-dom; lucide-react; ../components/ui/PageHeader; ../contexts/SettingsContext; ../lib/formatters; ../lib/safeError; ../lib/import/parseWorkbook; ../lib/erpIntake; ../lib/partsExpense; ../lib/api/partsConsumption; ../lib/api/erpIntake; ../lib/api/importHistory","Exercise primary action, denied access, scope change, error/retry and filtered export."
"ErpSync","src/pages/ErpSync.jsx","P2 workflow review","Not end-to-end verified","react-router-dom; framer-motion; lucide-react; ../components/ui/PageHeader; ../contexts/LanguageContext; ../components/erp/ErpConnectionPanel; ../components/integrations/WebhooksPanel","Exercise primary action, denied access, scope change, error/retry and filtered export."
"EventStream","src/pages/EventStream.jsx","P2 workflow review","Not end-to-end verified","react; lucide-react; ../lib/api/domainEvents; date-fns; ../lib/formatters; ../lib/safeError; ../lib/useLatestRequest","Exercise primary action, denied access, scope change, error/retry and filtered export."
"ExecutiveAnalytics","src/pages/ExecutiveAnalytics.jsx","P2 workflow review","Not end-to-end verified","react; lucide-react; ../lib/api; ../contexts/AuthContext; ../contexts/SettingsContext; ../components/ui/PageHeader; ../components/ui/DateField; ../components/ui/SectionTabs; ../components/ui/Skeleton; ../components/charts/EChart; ../components/charts/echartsTheme; ../lib/exportUtils; ../lib/formatters; ../lib/executiveAnalytics; ../lib/api/pmPrograms; ../lib/pmSchedule; ../lib/pmAnalytics","Exercise primary action, denied access, scope change, error/retry and filtered export."
"ExecutiveReport","src/pages/ExecutiveReport.jsx","P2 workflow review","Not end-to-end verified","react; framer-motion; chart.js; react-chartjs-2; lucide-react; ../lib/api; ../lib/safeError; ../components/EmailReportModal; ../lib/kpiEngine; ../contexts/SettingsContext; ../lib/countryFilter; ../lib/formatters; ../lib/analyticsEngine; ../lib/api/governedCost; ../lib/costSources; ../lib/exportUtils; ../lib/chartCapture; ../contexts/TenantContext; ../contexts/LanguageContext; ../components/ui/PageHeader; ../components/expense/YearlyTrendPanel; ../components/ui/PeriodFilter; ../lib/pdfEngine","Exercise primary action, denied access, scope change, error/retry and filtered export."
"ExpenseImport","src/pages/ExpenseImport.jsx","P2 workflow review","Not end-to-end verified","react; react-router-dom; lucide-react; ../components/ui/PageHeader; ../components/ui/FilterBar; ../components/ui/DateField; ../components/ui/TablePagination; ../hooks/useFilterState; ../contexts/SettingsContext; ../lib/formatters; ../lib/safeError; ../lib/import/parseWorkbook; ../lib/partsExpense; ../lib/api/partsConsumption","Exercise primary action, denied access, scope change, error/retry and filtered export."
"ExpenseReport","src/pages/ExpenseReport.jsx","P1 candidate","Not end-to-end verified","react; react-router-dom; chart.js; react-chartjs-2; lucide-react; ../components/ui/PageHeader; ../components/ui/Card; ../components/ui/DateField; ../components/shell/ReportingScopeBar; ../lib/reportingScope; ../lib/reportingScopeQuery; ../contexts/SettingsContext; ../contexts/LanguageContext; ../contexts/AuthContext; ../lib/formatters; ../lib/api/partsConsumption; ../lib/boardScope; ../lib/api/tyreRecords; ../lib/api/expenseTrends; ../lib/tyreDemandForecast; ../components/tyre/TyreForecastSection; ../lib/fetchAll; ../lib/costCpk; ../components/expense/CostCpkPanels; ../components/expense/CostVariancePanel; ../lib/api/costVariance; ../lib/api/storeSiteExpense; ../lib/api/fleetCpk; ../lib/fleetCpkView; ../lib/reportColors; ../components/present/PresentationStudio; ../components/present/StudioBoundary; ../lib/exportUtils; ../lib/safeError; ../lib/defaultPeriod; ../components/expense/SiteOperatingCostPanel; ../lib/api/latestActivity; ../components/ui/PeriodNotice","Trace bounded reads: prove totals, conflict checks and exports cover the intended dataset. Distinguish unavailable backend from successful empty results. Exercise primary action, denied access, scope change, error/retry and filtered export."
"ExpenseTrends","src/pages/ExpenseTrends.jsx","P1 candidate","Not end-to-end verified","react; react-router-dom; chart.js; react-chartjs-2; lucide-react; ../components/ui/PageHeader; ../components/ui/Card; ../components/shell/ReportingScopeBar; ../contexts/SettingsContext; ../lib/api/expenseTrends; ../lib/expenseTrends; ../lib/reportingScope; ../lib/reportingScopeQuery; ../lib/safeError; ../lib/useLatestRequest; ../lib/exportUtils; ../lib/reportColors","Distinguish unavailable backend from successful empty results. Exercise primary action, denied access, scope change, error/retry and filtered export."
"FitmentValidation","src/pages/FitmentValidation.jsx","P1 candidate","Not end-to-end verified","react; chart.js; react-chartjs-2; lucide-react; ../components/ui/PageHeader; ../components/ui/Card; ../components/ui/Modal; ../contexts/SettingsContext; ../lib/api/fitmentValidation; ../lib/fitmentValidation; ../lib/exportUtils; ../lib/safeError; ../components/ui/TablePagination","Distinguish unavailable backend from successful empty results. Exercise primary action, denied access, scope change, error/retry and filtered export."
"FleetAnalytics","src/pages/FleetAnalytics.jsx","P2 workflow review","Not end-to-end verified","react; ../contexts/LanguageContext; ../lib/api/analyticsReads; ../contexts/SettingsContext; ../lib/analyticsEngine; ../lib/api/costSummary; lucide-react; ../components/ui/Skeleton; framer-motion; ../components/ui/PageHeader; ../components/ui/DateField; ../components/EmailPdfButton; ../components/ui/SectionTabs; ../lib/exportUtils; ../components/ui/TablePagination; ../lib/safeError; ../lib/formatters; chart.js; react-chartjs-2","Exercise primary action, denied access, scope change, error/retry and filtered export."
"FleetGroups","src/pages/FleetGroups.jsx","P1 candidate","Not end-to-end verified","react; lucide-react; ../components/ui/PageHeader; ../contexts/SettingsContext; ../lib/api/fleetGroups; ../lib/fleetGroups; ../lib/formatters; ../lib/safeError; ../lib/exportUtils; ../components/ui/TablePagination; ../lib/api/_client","Trace bounded reads: prove totals, conflict checks and exports cover the intended dataset. Distinguish unavailable backend from successful empty results. Exercise primary action, denied access, scope change, error/retry and filtered export."
"FleetHealthBoard","src/pages/FleetHealthBoard.jsx","P2 workflow review","Not end-to-end verified","react; react-router-dom; framer-motion; chart.js; react-chartjs-2; lucide-react; ../lib/supabase; ../lib/safeError; ../lib/fetchAll; ../lib/formatters; ../contexts/SettingsContext; ../contexts/AuthContext; ../components/ui/PageHeader; ../components/ui/SectionTabs; ../contexts/LanguageContext; ../lib/severity","Exercise primary action, denied access, scope change, error/retry and filtered export."
"FleetIntelligence","src/pages/FleetIntelligence.jsx","P2 workflow review","Not end-to-end verified","react; framer-motion; chart.js; react-chartjs-2; lucide-react; ../components/EmailReportModal; ../lib/supabase; ../lib/safeError; ../lib/fetchAll; ../lib/countryFilter; ../components/ui/PageHeader; ../components/ui/SectionTabs; ../components/ui/PeriodFilter; ../lib/kpiEngine; ../lib/exportUtils; ../contexts/SettingsContext; ../lib/formatters; ../contexts/LanguageContext","Exercise primary action, denied access, scope change, error/retry and filtered export."
"FleetMaster","src/pages/FleetMaster.jsx","P1 candidate","Not end-to-end verified","react; react-router-dom; ../hooks/useFilterState; ../hooks/useScrollRestore; ../lib/safeError; ../lib/api; ../contexts/AuthContext; ../contexts/SettingsContext; ../contexts/LanguageContext; ../lib/exportUtils; ../lib/api/billing; lucide-react; ../components/ui/EnterpriseTable; ../components/illustrations; ../lib/brand/vehicleArt; ../hooks/useReportMeta; ../components/ui/PageHeader; ../components/CustomFieldsPanel","Trace bounded reads: prove totals, conflict checks and exports cover the intended dataset. Exercise primary action, denied access, scope change, error/retry and filtered export."
"FleetOptimizer","src/pages/FleetOptimizer.jsx","P1 candidate","Not end-to-end verified","react; lucide-react; ../components/ui/PageHeader; ../contexts/SettingsContext; ../lib/api/fleetOptimizer; ../lib/fleetOptimizer; ../lib/exportUtils; ../lib/safeError; ../components/ui/TablePagination; ../lib/api/_client","Trace bounded reads: prove totals, conflict checks and exports cover the intended dataset. Distinguish unavailable backend from successful empty results. Exercise primary action, denied access, scope change, error/retry and filtered export."
"FleetRenewal","src/pages/FleetRenewal.jsx","P1 candidate","Not end-to-end verified","react; chart.js; react-chartjs-2; lucide-react; ../components/ui/PageHeader; ../components/ui/Card; ../components/ui/Modal; ../contexts/SettingsContext; ../lib/api/fleetRenewal; ../lib/fleetRenewal; ../lib/fleetRenewalAnalytics; ../lib/formatters; ../lib/exportUtils; ../lib/safeError; ../lib/reportColors; ../components/ui/TablePagination; ../lib/api/_client","Trace bounded reads: prove totals, conflict checks and exports cover the intended dataset. Distinguish unavailable backend from successful empty results. Exercise primary action, denied access, scope change, error/retry and filtered export."
"FleetRiskScore","src/pages/FleetRiskScore.jsx","P2 workflow review","Not end-to-end verified","react; chart.js; react-chartjs-2; lucide-react; ../components/ui/PageHeader; ../components/EmailPdfButton; ../contexts/SettingsContext; ../lib/fleetRisk; ../lib/api/fleetRisk; ../lib/exportUtils; ../lib/safeError; ../components/ui/TablePagination","Exercise primary action, denied access, scope change, error/retry and filtered export."
"FleetUtilization","src/pages/FleetUtilization.jsx","P1 candidate","Not end-to-end verified","react; ../components/ui/TablePagination; chart.js; react-chartjs-2; lucide-react; ../components/ui/PageHeader; ../contexts/SettingsContext; ../lib/api/assetUtilization; ../lib/fleetUtilization; ../lib/safeError; ../lib/exportUtils; ../lib/reportColors","Distinguish unavailable backend from successful empty results. Exercise primary action, denied access, scope change, error/retry and filtered export."
"ForecastingEngine","src/pages/ForecastingEngine.jsx","P2 workflow review","Not end-to-end verified","react; framer-motion; lucide-react; ../components/EmailReportModal; chart.js; react-chartjs-2; ../lib/supabase; ../lib/safeError; ../lib/fetchAll; ../contexts/SettingsContext; ../lib/exportUtils; ../components/ui/PageHeader; ../lib/tyreDemandForecast; ../lib/forecastPeriod; ../components/tyre/TyreForecastSection","Exercise primary action, denied access, scope change, error/retry and filtered export."
"FuelCards","src/pages/FuelCards.jsx","P1 candidate","Not end-to-end verified","react; ../components/ui/TablePagination; lucide-react; ../components/ui/PageHeader; ../contexts/SettingsContext; ../lib/api/fuelCards; ../lib/fuelCards; ../lib/formatters; ../lib/safeError; ../lib/exportUtils","Trace bounded reads: prove totals, conflict checks and exports cover the intended dataset. Exercise primary action, denied access, scope change, error/retry and filtered export."
"FuelDelivery","src/pages/FuelDelivery.jsx","P1 candidate","Not end-to-end verified","react; chart.js; react-chartjs-2; lucide-react; ../components/ui/PageHeader; ../contexts/SettingsContext; ../lib/api/fuelDeliveries; ../lib/fuelDeliveryAnalytics; ../lib/safeError; ../lib/formatters; ../lib/exportUtils; ../lib/reportColors; ../components/ui/TablePagination","Trace bounded reads: prove totals, conflict checks and exports cover the intended dataset. Exercise primary action, denied access, scope change, error/retry and filtered export."
"FuelEfficiency","src/pages/FuelEfficiency.jsx","P2 workflow review","Not end-to-end verified","react; framer-motion; chart.js; react-chartjs-2; lucide-react; ../lib/supabase; ../lib/safeError; ../lib/fetchAll; ../contexts/SettingsContext; ../contexts/TenantContext; ../contexts/LanguageContext; ../lib/formatters; ../lib/exportUtils; ../components/ui/PageHeader; ../components/workflow/EntityApprovalPanel; ../lib/pdfEngine","Exercise primary action, denied access, scope change, error/retry and filtered export."
"FuelTheftAlerts","src/pages/FuelTheftAlerts.jsx","P1 candidate","Not end-to-end verified","react; lucide-react; ../components/ui/PageHeader; ../contexts/SettingsContext; ../lib/api/fuelTheftAlerts; ../lib/fuelTheftAlerts; ../lib/formatters; ../lib/safeError; ../lib/exportUtils; ../components/ui/TablePagination; ../lib/api/_client","Trace bounded reads: prove totals, conflict checks and exports cover the intended dataset. Distinguish unavailable backend from successful empty results. Exercise primary action, denied access, scope change, error/retry and filtered export."
"GatePass","src/pages/GatePass.jsx","P2 workflow review","Not end-to-end verified","react; react-router-dom; ../lib/api/gatePassPage; ../contexts/AuthContext; ../contexts/SettingsContext; ../lib/exportUtils; ../lib/formatters; lucide-react; ../components/ui/PageHeader; ../components/ui/DateField; ../components/EmptyState; ../components/ui/StatusBadge; ../components/ui/TablePagination; ../components/workflow/EntityApprovalPanel; ../lib/api; ../lib/audit; ../lib/events; ../lib/safeError","Exercise primary action, denied access, scope change, error/retry and filtered export."
"Geofencing","src/pages/Geofencing.jsx","P1 candidate","Not end-to-end verified","react; ../components/ui/TablePagination; lucide-react; chart.js; react-chartjs-2; ../components/ui/PageHeader; ../contexts/SettingsContext; ../lib/api/geofences; ../lib/api/_client; ../lib/geofences; ../lib/reportColors; ../lib/exportUtils; ../lib/safeError","Trace bounded reads: prove totals, conflict checks and exports cover the intended dataset. Distinguish unavailable backend from successful empty results. Exercise primary action, denied access, scope change, error/retry and filtered export."
"GoodsReceipt","src/pages/GoodsReceipt.jsx","P1 candidate","Not end-to-end verified","react; chart.js; react-chartjs-2; lucide-react; ../components/ui/PageHeader; ../components/ui/NotInUseNotice; ../contexts/SettingsContext; ../lib/api/goodsReceipts; ../lib/goodsReceipts; ../lib/exportUtils; ../lib/safeError; ../components/ui/TablePagination; ../lib/api/_client","Trace bounded reads: prove totals, conflict checks and exports cover the intended dataset. Distinguish unavailable backend from successful empty results. Exercise primary action, denied access, scope change, error/retry and filtered export."
"GpsTracking","src/pages/GpsTracking.jsx","P1 candidate","Not end-to-end verified","react; lucide-react; ../components/ui/PageHeader; ../contexts/SettingsContext; ../lib/api/gpsPositions; ../lib/gpsPositions; ../lib/exportUtils; ../lib/safeError; ../components/ui/TablePagination; ../lib/api/_client","Trace bounded reads: prove totals, conflict checks and exports cover the intended dataset. Distinguish unavailable backend from successful empty results. Exercise primary action, denied access, scope change, error/retry and filtered export."
"HeatIntelligence","src/pages/HeatIntelligence.jsx","P1 candidate","Not end-to-end verified","react; chart.js; react-chartjs-2; lucide-react; ../components/ui/PageHeader; ../components/ui/Card; ../components/ui/Modal; ../contexts/SettingsContext; ../lib/api/heatIntelligence; ../lib/heatIntelligence; ../lib/api/weather; ../lib/exportUtils; ../lib/safeError; ../components/ui/TablePagination; ../lib/api/_client","Distinguish unavailable backend from successful empty results. Exercise primary action, denied access, scope change, error/retry and filtered export."
"HelpCenter","src/pages/HelpCenter.jsx","P1 candidate","Not end-to-end verified","react; lucide-react; ../contexts/AuthContext; ../contexts/SettingsContext; ../lib/api/support; ../lib/help/faqs; ../lib/safeError; ../lib/api/_client","Trace bounded reads: prove totals, conflict checks and exports cover the intended dataset. Exercise primary action, denied access, scope change, error/retry and filtered export."
"HoldingCompany","src/pages/HoldingCompany.jsx","P1 candidate","Not end-to-end verified","react; lucide-react; ../components/ui/PageHeader; ../components/ui/Card; ../components/ui/Modal; ../contexts/SettingsContext; ../contexts/TenantContext; ../lib/api/holdingCompany; ../lib/holdingCompany; ../lib/exportUtils; ../lib/safeError; ../components/ui/TablePagination; ../lib/api/_client","Trace bounded reads: prove totals, conflict checks and exports cover the intended dataset. Distinguish unavailable backend from successful empty results. Exercise primary action, denied access, scope change, error/retry and filtered export."
"HoursOfService","src/pages/HoursOfService.jsx","P1 candidate","Not end-to-end verified","react; lucide-react; ../components/ui/PageHeader; ../contexts/SettingsContext; ../lib/api/hosLogs; ../lib/hosLogs; ../lib/exportUtils; ../lib/safeError; ../components/ui/TablePagination; ../lib/api/_client","Trace bounded reads: prove totals, conflict checks and exports cover the intended dataset. Distinguish unavailable backend from successful empty results. Exercise primary action, denied access, scope change, error/retry and filtered export."
"IftaReporting","src/pages/IftaReporting.jsx","P1 candidate","Not end-to-end verified","react; lucide-react; ../components/ui/PageHeader; ../contexts/SettingsContext; ../lib/api/iftaRecords; ../lib/iftaRecords; ../lib/exportUtils; ../lib/safeError; ../components/ui/TablePagination; ../lib/api/_client","Trace bounded reads: prove totals, conflict checks and exports cover the intended dataset. Distinguish unavailable backend from successful empty results. Exercise primary action, denied access, scope change, error/retry and filtered export."
"IncidentReports","src/pages/IncidentReports.jsx","P1 candidate","Not end-to-end verified","react; ../components/ui/TablePagination; lucide-react; ../components/ui/PageHeader; ../contexts/SettingsContext; ../lib/api/incidents; ../lib/incidents; ../lib/exportUtils; ../lib/safeError; ../lib/api/_client","Trace bounded reads: prove totals, conflict checks and exports cover the intended dataset. Distinguish unavailable backend from successful empty results. Exercise primary action, denied access, scope change, error/retry and filtered export."
"InspectionIntelligence","src/pages/InspectionIntelligence.jsx","P2 workflow review","Not end-to-end verified","react; framer-motion; ../lib/api/inspectionIntelligence; ../components/ui/PageHeader; ../components/ui/Card; ../components/ui/TablePagination; ../components/EmailPdfButton; ../contexts/SettingsContext; ../lib/exportUtils; ../lib/safeError; ../lib/inspectorActivity; chart.js; react-chartjs-2; lucide-react","Exercise primary action, denied access, scope change, error/retry and filtered export."
"InspectionPlanner","src/pages/InspectionPlanner.jsx","P2 workflow review","Not end-to-end verified","react; lucide-react; chart.js; react-chartjs-2; ../contexts/SettingsContext; ../contexts/AuthContext; ../contexts/TenantContext; ../contexts/LanguageContext; ../hooks/useFeatureFlags; ../hooks/useEntityWorkflow; ../lib/navAccess; ../lib/workspaceAccess; ../lib/severity; ../lib/safeError; ../lib/formatters; ../lib/inspectionPlanner; ../lib/api/inspectionPlanner; ../lib/exportUtils; ../lib/pdfEngine; ../components/ui/PageHeader; ../components/ui/Modal; ../components/inspection-planner/PlannerWorkQueue; ../components/inspection-planner/PlanAdherencePanel; ../components/inspection-planner/PlannerDialogs","Exercise primary action, denied access, scope change, error/retry and filtered export."
"Inspections","src/pages/Inspections.jsx","P1 candidate","Not end-to-end verified","react; react-router-dom; ../hooks/useFilterState; ../hooks/useInspectionRegister; ../hooks/useScrollRestore; @tanstack/react-virtual; ../lib/supabase; ../lib/fetchAll; ../lib/api/inspections; ../lib/api/correctiveActions; ../contexts/AuthContext; ../contexts/SettingsContext; ../contexts/LanguageContext; ../lib/exportUtils; ../contexts/TenantContext; lucide-react; ../components/SignaturePad; ../components/ui/StatusBadge; ../components/CustomFieldsPanel; ../components/workflow/EntityApprovalPanel; ../components/workflow/ApprovalReview; framer-motion; ../components/ui/PageHeader; ../components/ui/DateField; ../components/ui/MultiSelectFilter; ../components/ui/TablePagination; ../components/VehicleTyreDiagram; ../lib/tyrePositions; ../lib/vehicleTyreLayout; ../hooks/useWakeLock; ../lib/offlineQueue; ../lib/formatters; ../lib/safeError; ../lib/api/userSignature; ../lib/savedSignature; ../lib/commandSearch; ../lib/pdfEngine; ../lib/storageRefs; ../lib/api/tyreRunningLife; ../lib/tyreRunningLife; ../lib/inspectionTyreFlags; ../lib/tyreBay; ../lib/inspectionView; ../lib/tyreCompleteness; ../lib/api/sites; ../lib/tyreChangeTracking; ../lib/api/tyreChangeTracking; ../components/ui/Modal; ../lib/api/correctiveActions; ../lib/api/brandLogo; ../components/inspection/InspectionViewerDrawer; ../components/inspection/InspectionDiagram; ../lib/inspectionChecklistPdf; nothing is due on the vehicles you are looking at","Trace bounded reads: prove totals, conflict checks and exports cover the intended dataset. Exercise primary action, denied access, scope change, error/retry and filtered export."
"InsuranceClaims","src/pages/InsuranceClaims.jsx","P1 candidate","Not end-to-end verified","react; ../components/ui/TablePagination; chart.js; react-chartjs-2; lucide-react; ../components/ui/PageHeader; ../contexts/SettingsContext; ../lib/formatters; ../lib/api/insuranceClaims; ../lib/insuranceClaims; ../lib/insuranceClaimsAnalytics; ../lib/exportUtils; ../lib/safeError; ../lib/api/_client","Trace bounded reads: prove totals, conflict checks and exports cover the intended dataset. Distinguish unavailable backend from successful empty results. Exercise primary action, denied access, scope change, error/retry and filtered export."
"InsurancePolicies","src/pages/InsurancePolicies.jsx","P2 workflow review","Not end-to-end verified","react; lucide-react; ../lib/safeError; ../components/ui/PageHeader; ../contexts/SettingsContext; ../lib/formatters; ../lib/api/insurancePolicies; ../lib/insuranceKnowledge; ../lib/insuranceCorrespondence; ../lib/insuranceEmailAnalysis; ../lib/exportUtils; ../lib/api/insurancePortfolio; ../lib/api/sites; ../components/insurance/PortfolioSection; ../components/insurance/CoverageGapsSection; ../components/insurance/ClaimRegisterSection; ../components/insurance/LossExperienceSection; ../components/insurance/PropertyRisksSection","Exercise primary action, denied access, scope change, error/retry and filtered export."
"Integrations","src/pages/Integrations.jsx","P1 candidate","Not end-to-end verified","react; lucide-react; ../lib/api/integrations; ../lib/api/billing; date-fns; ../lib/formatters; ../lib/safeError","Trace bounded reads: prove totals, conflict checks and exports cover the intended dataset. Exercise primary action, denied access, scope change, error/retry and filtered export."
"JourneyLog","src/pages/JourneyLog.jsx","P1 candidate","Not end-to-end verified","react; chart.js; react-chartjs-2; lucide-react; ../components/ui/PageHeader; ../contexts/SettingsContext; ../lib/safeError; ../lib/api/journeys; ../lib/journeys; ../lib/reportColors; ../lib/exportUtils; ../components/ui/TablePagination; ../lib/api/_client","Trace bounded reads: prove totals, conflict checks and exports cover the intended dataset. Distinguish unavailable backend from successful empty results. Exercise primary action, denied access, scope change, error/retry and filtered export."
"KnowledgeBase","src/pages/KnowledgeBase.jsx","P2 workflow review","Not end-to-end verified","react; lucide-react; ../lib/supabase; ../lib/safeError; ../lib/api/knowledgeDocuments; ../contexts/AuthContext; ../lib/embeddingService; ../components/ui/PageHeader; ../components/workflow/EntityApprovalPanel; ../lib/formatters","Exercise primary action, denied access, scope change, error/retry and filtered export."
"KpiCommandCenter","src/pages/KpiCommandCenter.jsx","P2 workflow review","Not end-to-end verified","react; framer-motion; chart.js; react-chartjs-2; lucide-react; ../contexts/LanguageContext; ../lib/supabase; ../lib/fetchAll; ../lib/safeError; ../contexts/SettingsContext; ../contexts/TenantContext; ../lib/formatters; ../lib/exportUtils; ../components/ui/PageHeader; ../components/ui/DateField; ../components/ui/SectionTabs; ../components/ui/SegmentedControl; ../lib/pdfEngine; ../lib/kpiEngine","Exercise primary action, denied access, scope change, error/retry and filtered export."
"KpiScorecard","src/pages/KpiScorecard.jsx","P2 workflow review","Not end-to-end verified","react; react-router-dom; ../lib/api/kpiTargets; ../lib/api/pmPrograms; ../lib/pmSchedule; ../contexts/AuthContext; ../contexts/LanguageContext; ../contexts/SettingsContext; ../lib/analyticsEngine; ../lib/exportUtils; ../components/EmailPdfButton; ../lib/safeError; ../lib/formatters; lucide-react; framer-motion; ../components/ui/PageHeader; ../components/ui/Card; ../components/ui/TablePagination; ../components/ui/DateField; ../components/ui/SectionTabs; chart.js; react-chartjs-2; YYYY-MM","Exercise primary action, denied access, scope change, error/retry and filtered export."
"LiveFleetStatus","src/pages/LiveFleetStatus.jsx","P2 workflow review","Not end-to-end verified","react; react-router-dom; framer-motion; chart.js; react-chartjs-2; lucide-react; ../lib/supabase; ../lib/safeError; ../lib/fetchAll; ../lib/formatters; ../contexts/AuthContext; ../contexts/SettingsContext; ../components/ui/PageHeader; ../components/VehicleTyreDiagram; ../contexts/LanguageContext","Exercise primary action, denied access, scope change, error/retry and filtered export."
"LoadPlanning","src/pages/LoadPlanning.jsx","P1 candidate","Not end-to-end verified","react; lucide-react; ../components/ui/PageHeader; ../contexts/SettingsContext; ../lib/api/loadPlans; ../lib/loadPlans; ../lib/exportUtils; ../lib/safeError; ../components/ui/TablePagination; ../lib/api/_client","Trace bounded reads: prove totals, conflict checks and exports cover the intended dataset. Distinguish unavailable backend from successful empty results. Exercise primary action, denied access, scope change, error/retry and filtered export."
"Login","src/pages/Login.jsx","P2 workflow review","Not end-to-end verified","react; react-router-dom; framer-motion; lucide-react; ../contexts/AuthContext; ../contexts/LanguageContext; ../components/LanguageSwitcher; ../lib/supabase; ../lib/api/systemConfig; ../lib/api/loginGuard; ../assets/logo.svg; ../lib/brand/library; ../components/TwoFactorChallenge; ../components/illustrations; ../components/ui/BrandIcon; ../components/ui/ThemeToggle; ../lib/accountRecovery","Exercise primary action, denied access, scope change, error/retry and filtered export."
"MaintenanceCalendar","src/pages/MaintenanceCalendar.jsx","P2 workflow review","Not end-to-end verified","react; framer-motion; lucide-react; ../lib/supabase; ../lib/fetchAll; ../lib/calendarDate; ../lib/safeError; ../lib/api/pmPrograms; ../lib/pmPrograms; ../contexts/SettingsContext; ../components/ui/PageHeader; ../components/workflow/EntityApprovalPanel","Exercise primary action, denied access, scope change, error/retry and filtered export."
"MaintenanceCostBoard","src/pages/MaintenanceCostBoard.jsx","P2 workflow review","Not end-to-end verified","react; chart.js; react-chartjs-2; lucide-react; ../components/ui/PageHeader; ../components/ui/DateField; ../components/ui/FilterBar; ../components/ui/TablePagination; ../hooks/useFilterState; ../contexts/SettingsContext; ../lib/formatters; ../lib/api/maintenanceAnalytics; ../lib/useLatestRequest; ../lib/maintenanceBoard; ../lib/reportColors; ../lib/exportUtils; ../lib/safeError","Exercise primary action, denied access, scope change, error/retry and filtered export."
"MasterAccessControl","src/pages/MasterAccessControl.jsx","P2 workflow review","Not end-to-end verified","react; react-router-dom; lucide-react; ../contexts/AuthContext; ./PermissionMatrix; ./SecurityCenter; ./CustomRolesManager; ./AccessGrantsManager","Exercise primary action, denied access, scope change, error/retry and filtered export."
"Materials","src/pages/Materials.jsx","P1 candidate","Not end-to-end verified","react; lucide-react; ../components/ui/PageHeader; ../contexts/SettingsContext; ../lib/formatters; ../lib/api/materials; ../lib/materials; ../lib/exportUtils; ../lib/safeError; ../components/ui/TablePagination; ../lib/api/_client","Trace bounded reads: prove totals, conflict checks and exports cover the intended dataset. Distinguish unavailable backend from successful empty results. Exercise primary action, denied access, scope change, error/retry and filtered export."
"MyChecklists","src/pages/MyChecklists.jsx","P1 candidate","Not end-to-end verified","react; ../components/ui/TablePagination; react-router-dom; lucide-react; ../components/ui/PageHeader; ../contexts/SettingsContext; ../contexts/AuthContext; ../lib/api/checklistSchedules; ../lib/api/checklists; ../lib/checklist/checklistRoles; ../lib/checklist/checklistIcons; ../lib/safeError; ../lib/api/_client","Trace bounded reads: prove totals, conflict checks and exports cover the intended dataset. Exercise primary action, denied access, scope change, error/retry and filtered export."
"MyWorkspace","src/pages/MyWorkspace.jsx","P2 workflow review","Not end-to-end verified","react; react-router-dom; ../contexts/AuthContext; ../contexts/SettingsContext; ../contexts/LanguageContext; ../contexts/WorkspaceNavigationContext; ../lib/navAccess; ../lib/workspaceAccess; ../lib/api/workspace","Exercise primary action, denied access, scope change, error/retry and filtered export."
"NotFound","src/pages/NotFound.jsx","P2 workflow review","Not end-to-end verified","react-router-dom; ../components/StateScreen; ../contexts/LanguageContext","Exercise primary action, denied access, scope change, error/retry and filtered export."
"OcrScanner","src/pages/OcrScanner.jsx","P1 candidate","Not end-to-end verified","react; lucide-react; ../components/ui/PageHeader; ../contexts/SettingsContext; ../lib/api/ocrScanner; ../lib/ocrScanner; ../lib/exportUtils; ../lib/safeUrl; ../lib/safeError; ../components/ui/TablePagination; ../lib/api/_client","Trace bounded reads: prove totals, conflict checks and exports cover the intended dataset. Distinguish unavailable backend from successful empty results. Exercise primary action, denied access, scope change, error/retry and filtered export."
"OdometerLogs","src/pages/OdometerLogs.jsx","P2 workflow review","Not end-to-end verified","react; lucide-react; ../components/ui/PageHeader; ../components/ui/TablePagination; ../components/meters/MeterRow; ../components/meters/MeterHistory; ../contexts/AuthContext; ../contexts/SettingsContext; ../lib/api/vehicleMeters; ../lib/vehicleMeters; ../lib/safeError; ../lib/exportUtils","Exercise primary action, denied access, scope change, error/retry and filtered export."
"OnboardingWizard","src/pages/OnboardingWizard.jsx","P1 candidate","Not end-to-end verified","react; lucide-react; ../components/ui/PageHeader; ../contexts/SettingsContext; ../lib/api/onboarding; ../lib/onboarding; ../lib/exportUtils; ../lib/safeUrl; ../lib/safeError; ../lib/api/_client","Trace bounded reads: prove totals, conflict checks and exports cover the intended dataset. Distinguish unavailable backend from successful empty results. Exercise primary action, denied access, scope change, error/retry and filtered export."
"OpsIntelligence","src/pages/OpsIntelligence.jsx","P2 workflow review","Not end-to-end verified","react; react-router-dom; chart.js; react-chartjs-2; lucide-react; ../components/ui/PageHeader; ../components/EmailPdfButton; ../contexts/SettingsContext; ../lib/api/opsIntelligence; ../lib/api/pmPrograms; ../lib/pmSchedule; ../lib/opsIntelligence; ../lib/exportUtils; ../components/ui/TablePagination; ../lib/safeError","Exercise primary action, denied access, scope change, error/retry and filtered export."
"OrgHierarchy","src/pages/OrgHierarchy.jsx","P1 candidate","Not end-to-end verified","react; lucide-react; ../components/ui/PageHeader; ../components/ui/Card; ../components/ui/Modal; ../lib/api/orgUnits; ../lib/api/users; ../lib/orgUnits; ../lib/exportUtils; ../lib/safeError; ../components/ui/TablePagination; ../lib/api/_client","Trace bounded reads: prove totals, conflict checks and exports cover the intended dataset. Distinguish unavailable backend from successful empty results. Exercise primary action, denied access, scope change, error/retry and filtered export."
"PartsCatalog","src/pages/PartsCatalog.jsx","P1 candidate","Not end-to-end verified","react; chart.js; react-chartjs-2; lucide-react; ../components/ui/PageHeader; ../components/ui/Card; ../components/ui/Modal; ../components/ui/TablePagination; ../contexts/SettingsContext; ../lib/formatters; ../lib/api/partsCatalog; ../lib/partsCatalog; ../lib/reportColors; ../lib/exportUtils; ../lib/safeError; ../lib/api/_client","Trace bounded reads: prove totals, conflict checks and exports cover the intended dataset. Exercise primary action, denied access, scope change, error/retry and filtered export."
"PartsRequests","src/pages/PartsRequests.jsx","P1 candidate","Not end-to-end verified","react; lucide-react; ../components/ui/PageHeader; ../components/charts/EChart; ../contexts/SettingsContext; ../contexts/AuthContext; ../lib/api/partsRequests; ../lib/partsRequests; ../lib/reportColors; ../lib/exportUtils; ../lib/safeError; ../components/ui/TablePagination; ../lib/api/_client","Distinguish unavailable backend from successful empty results. Exercise primary action, denied access, scope change, error/retry and filtered export."
"PerformanceBenchmark","src/pages/PerformanceBenchmark.jsx","P2 workflow review","Not end-to-end verified","react; framer-motion; chart.js; react-chartjs-2; lucide-react; ../lib/api/analyticsReads; ../lib/safeError; ../lib/useLatestRequest; ../contexts/SettingsContext; ../contexts/TenantContext; ../lib/exportUtils; ../components/ui/PageHeader; ../components/ui/TablePagination; ../lib/kpiEngine; ../lib/pdfEngine","Exercise primary action, denied access, scope change, error/retry and filtered export."
"PermissionMatrix","src/pages/PermissionMatrix.jsx","P2 workflow review","Not end-to-end verified","react; lucide-react; ../contexts/AuthContext; ../lib/api/modulePermissions; ../lib/permissionMatrix; ../lib/safeError","Exercise primary action, denied access, scope change, error/retry and filtered export."
"PmPrograms","src/pages/PmPrograms.jsx","P1 candidate","Not end-to-end verified","react; chart.js; react-chartjs-2; lucide-react; ../components/ui/PageHeader; ../components/ui/Card; ../components/ui/Modal; ../contexts/SettingsContext; ../lib/api/pmPrograms; ../lib/pmVocab; ../lib/pmSchedule; ../lib/pmPrograms; ../lib/pmTemplates; ../components/PmVehicleLookup; ../lib/pmVehicleSetup; ../lib/pmAnalytics; ../lib/reportColors; ../lib/costSources; ../lib/api/governedCost; ../lib/api/workOrders; ../lib/api/partsCatalog; ../lib/exportUtils; ../components/ui/TablePagination; ../lib/formatters; ../lib/safeError; ../lib/api/_client","Trace bounded reads: prove totals, conflict checks and exports cover the intended dataset. Exercise primary action, denied access, scope change, error/retry and filtered export."
"PolicyManagement","src/pages/PolicyManagement.jsx","P1 candidate","Not end-to-end verified","react; ../components/ui/TablePagination; chart.js; react-chartjs-2; lucide-react; ../components/ui/PageHeader; ../contexts/SettingsContext; ../lib/api/policies; ../lib/policies; ../lib/policyAnalytics; ../lib/exportUtils; ../lib/formatters; ../lib/safeError; ../lib/reportColors; ../lib/api/_client","Trace bounded reads: prove totals, conflict checks and exports cover the intended dataset. Distinguish unavailable backend from successful empty results. Exercise primary action, denied access, scope change, error/retry and filtered export."
"PositionIntelligence","src/pages/PositionIntelligence.jsx","P2 workflow review","Not end-to-end verified","react; ../lib/supabase; ../lib/fetchAll; ../lib/safeError; ../contexts/SettingsContext; ../lib/formatters; ../lib/exportUtils; ../lib/tyrePositions; ../components/ui/PageHeader; ../components/ui/Card; ../components/EmailPdfButton; lucide-react; chart.js; react-chartjs-2","Exercise primary action, denied access, scope change, error/retry and filtered export."
"PredictiveMaintenance","src/pages/PredictiveMaintenance.jsx","P2 workflow review","Not end-to-end verified","react; ../lib/supabase; ../lib/fetchAll; ../contexts/SettingsContext; ../lib/formatters; ../lib/exportUtils; chart.js; react-chartjs-2; lucide-react; ../components/ui/PageHeader; ../components/EmailPdfButton; ../lib/predictiveMaintenance; ../lib/safeError","Exercise primary action, denied access, scope change, error/retry and filtered export."
"PressureIntelligence","src/pages/PressureIntelligence.jsx","P2 workflow review","Not end-to-end verified","react; framer-motion; chart.js; react-chartjs-2; lucide-react; ../components/ui/PageHeader; ../lib/supabase; ../lib/fetchAll; ../contexts/SettingsContext; ../contexts/TenantContext; ../lib/exportUtils; ../lib/safeError; ../lib/pdfEngine","Exercise primary action, denied access, scope change, error/retry and filtered export."
"Privacy","src/pages/Privacy.jsx","P2 workflow review","Not end-to-end verified","","Exercise primary action, denied access, scope change, error/retry and filtered export."
"Procurement","src/pages/Procurement.jsx","P2 workflow review","Not end-to-end verified","react; framer-motion; chart.js; react-chartjs-2; lucide-react; ../lib/api/procurement; ../components/workflow/EntityApprovalPanel; ../contexts/SettingsContext; ../contexts/AuthContext; ../lib/formatters; ../lib/exportUtils; ../lib/safeError; ../contexts/TenantContext; ../contexts/LanguageContext; ../components/ui/PageHeader; ../lib/pdfEngine","Exercise primary action, denied access, scope change, error/retry and filtered export."
"ProductionM3","src/pages/ProductionM3.jsx","P2 workflow review","Not end-to-end verified","../components/costm3/LedgerPage; ../components/costm3/ProductionRejectionsPanel; ../components/costm3/ProductionMonthlySummary; ../components/costm3/StationMapPanel; ../lib/api/costPerM3","Exercise primary action, denied access, scope change, error/retry and filtered export."
"ProofOfDelivery","src/pages/ProofOfDelivery.jsx","P1 candidate","Not end-to-end verified","react; lucide-react; ../components/ui/PageHeader; ../contexts/SettingsContext; ../lib/api/podRecords; ../lib/podRecords; ../lib/safeUrl; ../lib/exportUtils; ../lib/safeError; ../components/ui/TablePagination; ../lib/api/_client","Trace bounded reads: prove totals, conflict checks and exports cover the intended dataset. Distinguish unavailable backend from successful empty results. Exercise primary action, denied access, scope change, error/retry and filtered export."
"PublicStatus","src/pages/PublicStatus.jsx","P2 workflow review","Not end-to-end verified","lucide-react; ../components/public/PublicTrustPage","Exercise primary action, denied access, scope change, error/retry and filtered export."
"PublicSupport","src/pages/PublicSupport.jsx","P2 workflow review","Not end-to-end verified","../components/public/PublicTrustPage","Exercise primary action, denied access, scope change, error/retry and filtered export."
"QrLabels","src/pages/QrLabels.jsx","P2 workflow review","Not end-to-end verified","react; qrcode; ../contexts/SettingsContext; ../lib/api/_client; ../lib/supabase; ../lib/fetchAll; ../lib/qrLabelLayout; ../lib/qrBulkMatch; ../contexts/AuthContext; framer-motion; lucide-react; ../components/ui/PageHeader; ../lib/safeError; ../lib/exportUtils; ../lib/api/brandLogo","Exercise primary action, denied access, scope change, error/retry and filtered export."
"RcaRecords","src/pages/RcaRecords.jsx","P2 workflow review","Not end-to-end verified","react; react-router-dom; ../lib/api/rca; ../lib/api/correctiveActions; ../contexts/AuthContext; ../contexts/SettingsContext; lucide-react; ../components/ui/PageHeader; ../components/ui/SectionTabs; ../lib/exportUtils; ../lib/safeError","Exercise primary action, denied access, scope change, error/retry and filtered export."
"RecallDetail","src/pages/RecallDetail.jsx","P2 workflow review","Not end-to-end verified","react; react-router-dom; framer-motion; lucide-react; ../components/workflow/EntityApprovalPanel; ../components/ui/Skeleton; ../components/EmptyState; ../lib/api/recalls; ../contexts/SettingsContext; ../lib/safeError; ../components/ui/TablePagination","Exercise primary action, denied access, scope change, error/retry and filtered export."
"RecallTracker","src/pages/RecallTracker.jsx","P2 workflow review","Not end-to-end verified","react; react-router-dom; framer-motion; chart.js; react-chartjs-2; lucide-react; ../components/ui/Skeleton; ../lib/api/recalls; ../contexts/SettingsContext; ../contexts/AuthContext; ../contexts/TenantContext; ../lib/exportUtils; ../components/ui/PageHeader; ../components/ui/TablePagination; ../components/EmptyState; ../lib/formatters; ../lib/safeError; ../lib/pdfEngine","Exercise primary action, denied access, scope change, error/retry and filtered export."
"RepairRequests","src/pages/RepairRequests.jsx","P2 workflow review","Not end-to-end verified","react; chart.js; react-chartjs-2; lucide-react; ../components/ui/PageHeader; ../components/ui/Card; ../components/ui/Modal; ../components/EmptyState; ../components/ui/TablePagination; ../contexts/SettingsContext; ../contexts/AuthContext; ../lib/api/repairRequests; ../lib/repairRequests; ../lib/reportColors; ../lib/exportUtils; ../lib/safeError; ../lib/safeUrl","Exercise primary action, denied access, scope change, error/retry and filtered export."
"ReportBuilder","src/pages/ReportBuilder.jsx","P2 workflow review","Not end-to-end verified","react; lucide-react; chart.js; react-chartjs-2; ../lib/supabase; ../contexts/AuthContext; ../components/ui/PageHeader; ../components/ui/DateField; ../components/ui/SectionTabs; ../components/ui/EnterpriseTable; ../hooks/useReportMeta; ../lib/exportUtils; ../lib/chartCapture; ../lib/safeError; ../lib/reportBuilder; ../lib/api/savedViews","Exercise primary action, denied access, scope change, error/retry and filtered export."
"ReportCenter","src/pages/ReportCenter.jsx","P2 workflow review","Not end-to-end verified","react; react-router-dom; framer-motion; lucide-react; ../lib/supabase; ../lib/fetchAll; ../lib/countryFilter; ../contexts/AuthContext; ../contexts/SettingsContext; ../contexts/TenantContext; ../contexts/LanguageContext; ../lib/formatters; ../lib/safeUrl; ../lib/exportUtils; ../components/ui/PageHeader; ../components/ui/SectionTabs; ../components/LoadingState; ../components/EmptyState; ../components/illustrations; ../lib/safeError","Exercise primary action, denied access, scope change, error/retry and filtered export."
"Reports","src/pages/Reports.jsx","P2 workflow review","Not end-to-end verified","react; framer-motion; lucide-react; ../components/ui/Skeleton; ../components/ui/PageHeader; ../components/ui/DateField; ../components/ui/SectionTabs; ../lib/supabase; ../contexts/SettingsContext; ../contexts/LanguageContext; ../lib/exportUtils; ../lib/countryFilter; ../lib/fetchAll; ../components/EmailReportModal; ../lib/formatters; ../lib/api/pmPrograms; ../lib/safeError","Exercise primary action, denied access, scope change, error/retry and filtered export."
"ReportShare","src/pages/ReportShare.jsx","P2 workflow review","Not end-to-end verified","react; react-router-dom; lucide-react; ../lib/api/reportShares; ../lib/reportColors; ../lib/safeUrl; ../lib/reportShareLayout; ../components/display/ShareBlockView; ../components/ui/TablePagination; ../components/charts/EChart","Exercise primary action, denied access, scope change, error/retry and filtered export."
"ReportSharing","src/pages/ReportSharing.jsx","P2 workflow review","Not end-to-end verified","react; react-router-dom; lucide-react; ../components/ui/PageHeader; ../components/display/ReportSharesPanel; ../lib/api/reportShares; ../lib/reportShareLayout; ../lib/reportColors; ../contexts/AuthContext; ../lib/safeError","Exercise primary action, denied access, scope change, error/retry and filtered export."
"Requisitions","src/pages/Requisitions.jsx","P1 candidate","Not end-to-end verified","react; lucide-react; ../components/ui/PageHeader; ../contexts/SettingsContext; ../lib/formatters; ../lib/api/requisitions; ../lib/requisitions; ../lib/exportUtils; ../lib/safeError; ../components/ui/TablePagination","Trace bounded reads: prove totals, conflict checks and exports cover the intended dataset. Exercise primary action, denied access, scope change, error/retry and filtered export."
"ResetPassword","src/pages/ResetPassword.jsx","P2 workflow review","Not end-to-end verified","react; react-router-dom; lucide-react; ../lib/supabase; ../contexts/LanguageContext; ../lib/safeError; ../lib/api/systemConfig","Exercise primary action, denied access, scope change, error/retry and filtered export."
"RetreadClaims","src/pages/RetreadClaims.jsx","P1 candidate","Not end-to-end verified","react; ../components/ui/TablePagination; chart.js; react-chartjs-2; lucide-react; ../components/ui/PageHeader; ../components/ui/NotInUseNotice; ../contexts/SettingsContext; ../lib/formatters; ../lib/safeError; ../lib/api/retreadClaims; ../lib/retreadClaimsAnalytics; ../lib/exportUtils; ../lib/api/_client","Trace bounded reads: prove totals, conflict checks and exports cover the intended dataset. Distinguish unavailable backend from successful empty results. Exercise primary action, denied access, scope change, error/retry and filtered export."
"RetreadManagement","src/pages/RetreadManagement.jsx","P2 workflow review","Not end-to-end verified","react; framer-motion; chart.js; react-chartjs-2; lucide-react; ../lib/supabase; ../components/workflow/EntityApprovalPanel; ../lib/fetchAll; ../contexts/AuthContext; ../contexts/SettingsContext; ../contexts/TenantContext; ../lib/exportUtils; ../lib/formatters; ../lib/safeError; ../components/ui/PageHeader; ../components/ui/NotInUseNotice; ../components/EmailPdfButton; ../lib/pdfEngine","Exercise primary action, denied access, scope change, error/retry and filtered export."
"Rfid","src/pages/Rfid.jsx","P1 candidate","Not end-to-end verified","react; lucide-react; ../components/ui/PageHeader; ../contexts/SettingsContext; ../lib/api/rfid; ../lib/rfid; ../lib/exportUtils; ../lib/safeError; ../components/ui/TablePagination; ../lib/api/_client","Trace bounded reads: prove totals, conflict checks and exports cover the intended dataset. Distinguish unavailable backend from successful empty results. Exercise primary action, denied access, scope change, error/retry and filtered export."
"RfidRegistry","src/pages/RfidRegistry.jsx","P2 workflow review","Not end-to-end verified","react; framer-motion; lucide-react; ../lib/supabase; ../contexts/AuthContext; ../components/ui/PageHeader; ../components/ui/Card; ../components/ui/Modal; ../components/RfidScanner; ../lib/safeError; ../components/ui/TablePagination; ../lib/fetchAll","Exercise primary action, denied access, scope change, error/retry and filtered export."
"RoiCalculator","src/pages/RoiCalculator.jsx","P2 workflow review","Not end-to-end verified","react; chart.js; react-chartjs-2; lucide-react; ../components/ui/PageHeader; ../contexts/SettingsContext; ../lib/formatters; ../lib/tyreRoi","Exercise primary action, denied access, scope change, error/retry and filtered export."
"RootCauseEngine","src/pages/RootCauseEngine.jsx","P2 workflow review","Not end-to-end verified","react; framer-motion; chart.js; react-chartjs-2; lucide-react; ../lib/supabase; ../lib/fetchAll; ../lib/exportUtils; ../lib/safeError; ../lib/useLatestRequest; ../contexts/SettingsContext; ../components/ui/PageHeader; ../components/ui/SectionTabs","Exercise primary action, denied access, scope change, error/retry and filtered export."
"RotationOptimizer","src/pages/RotationOptimizer.jsx","P2 workflow review","Not end-to-end verified","react; lucide-react; react-chartjs-2; chart.js; ../components/ui/PageHeader; ../contexts/SettingsContext; ../lib/api/rotationOptimizer; ../lib/rotationOptimizer; ../lib/exportUtils; ../lib/safeError","Exercise primary action, denied access, scope change, error/retry and filtered export."
"RotationSchedule","src/pages/RotationSchedule.jsx","P2 workflow review","Not end-to-end verified","react; framer-motion; chart.js; react-chartjs-2; lucide-react; ../lib/supabase; ../lib/api/rotations; ../lib/tyrePositions; ../contexts/SettingsContext; ../contexts/TenantContext; ../lib/exportUtils; ../components/ui/PageHeader; ../components/ui/Card; ../components/ui/Modal; ../components/workflow/EntityApprovalPanel; ../components/EmptyState; ../lib/formatters; ../lib/safeError; ../lib/pdfEngine","Exercise primary action, denied access, scope change, error/retry and filtered export."
"RouteOptimization","src/pages/RouteOptimization.jsx","P2 workflow review","Not end-to-end verified","react; lucide-react; ../components/ui/PageHeader; ../contexts/SettingsContext; ../lib/api/routePlans; ../lib/routePlans; ../lib/exportUtils; ../lib/safeError; ../components/ui/TablePagination; ../lib/api/_client; ../lib/useLatestRequest","Exercise primary action, denied access, scope change, error/retry and filtered export."
"RuleBuilder","src/pages/RuleBuilder.jsx","P1 candidate","Not end-to-end verified","react; react-router-dom; lucide-react; ../lib/api/businessRules; ../lib/safeError","Trace bounded reads: prove totals, conflict checks and exports cover the intended dataset. Exercise primary action, denied access, scope change, error/retry and filtered export."
"SafetyCompliance","src/pages/SafetyCompliance.jsx","P2 workflow review","Not end-to-end verified","react; framer-motion; chart.js; react-chartjs-2; lucide-react; ../lib/api/analyticsReads; ../lib/tyrePositions; ../contexts/SettingsContext; ../contexts/TenantContext; ../lib/exportUtils; ../components/ui/PageHeader; ../components/ui/TablePagination; ../lib/formatters; ../lib/safeError; ../lib/useLatestRequest; ../lib/pdfEngine","Exercise primary action, denied access, scope change, error/retry and filtered export."
"SanyDelayPenalty","src/pages/SanyDelayPenalty.jsx","P2 workflow review","Not end-to-end verified","react; lucide-react; ../components/ui/PageHeader; ../contexts/SettingsContext; ../lib/api/sanyDelayPenalty; ../lib/exportUtils; ../components/ui/TablePagination; ../lib/safeError","Exercise primary action, denied access, scope change, error/retry and filtered export."
"SanyInvoices","src/pages/SanyInvoices.jsx","P2 workflow review","Not end-to-end verified","react; lucide-react; ../components/costm3/LedgerPage; ../components/costm3/LedgerMonthlySummary; ../components/costm3/SanyInvoiceLinesModal; ../lib/api/costPerM3","Exercise primary action, denied access, scope change, error/retry and filtered export."
"ScheduledReports","src/pages/ScheduledReports.jsx","P1 candidate","Not end-to-end verified","react; react-router-dom; lucide-react; ../lib/supabase; ../lib/api; ../lib/safeError; ../contexts/AuthContext; ../contexts/LanguageContext; ../contexts/SettingsContext; ../contexts/TenantContext; ../components/ui/SegmentedControl; ../components/ui/TablePagination; ../components/workflow/EntityApprovalPanel; ../lib/exportUtils; ../lib/api/scheduledReports; ../lib/api/accidentReportTemplates; ../lib/inspectionCoverage","Trace bounded reads: prove totals, conflict checks and exports cover the intended dataset. Exercise primary action, denied access, scope change, error/retry and filtered export."
"ScoCosts","src/pages/ScoCosts.jsx","P2 workflow review","Not end-to-end verified","lucide-react; ../components/costm3/LedgerPage; ../components/costm3/LedgerMonthlySummary; ../lib/api/costPerM3","Exercise primary action, denied access, scope change, error/retry and filtered export."
"SecurityCenter","src/pages/SecurityCenter.jsx","P2 workflow review","Not end-to-end verified","react; lucide-react; ../contexts/AuthContext; ../components/ui/PageHeader; ../components/ui/TablePagination; ../lib/securityCenter; ../lib/safeError","Exercise primary action, denied access, scope change, error/retry and filtered export."
"SerialTracker","src/pages/SerialTracker.jsx","P2 workflow review","Not end-to-end verified","react; ../lib/api/serialTracker; ../contexts/SettingsContext; ../lib/exportUtils; ../lib/formatters; lucide-react; ../components/ui/PageHeader; ../components/ui/Card; ../components/ui/Modal; ../components/ui/TablePagination; ../components/EmptyState; ../lib/safeError; ../contexts/AuthContext; ../lib/api/tyreExchange; ../lib/api/assetMaster","Exercise primary action, denied access, scope change, error/retry and filtered export."
"ServiceRequests","src/pages/ServiceRequests.jsx","P1 candidate","Not end-to-end verified","react; lucide-react; ../components/ui/PageHeader; ../contexts/SettingsContext; ../lib/api/serviceRequests; ../lib/serviceRequests; ../lib/exportUtils; ../lib/safeError; ../components/ui/TablePagination; ../lib/api/_client","Trace bounded reads: prove totals, conflict checks and exports cover the intended dataset. Distinguish unavailable backend from successful empty results. Exercise primary action, denied access, scope change, error/retry and filtered export."
"Settings","src/pages/Settings.jsx","P1 candidate","Not end-to-end verified","react; react-router-dom; ../lib/api/settings; ../contexts/AuthContext; ../contexts/LanguageContext; ../components/LanguageSwitcher; ../components/ReleaseNotes; ../components/settings/AppearancePanel; ../components/settings/MySignaturePanel; ../components/settings/FeatureFlagsPanel; ../contexts/SettingsContext; lucide-react; framer-motion; ../components/ui/PageHeader; ../components/ui/Card; ../components/ui/TablePagination; ../lib/emailService; ../components/TwoFactorSetup; ../lib/api/notificationPreferences; ../lib/api/accountDeletion; ../lib/notificationPrefs; ../lib/safeError; ../lib/accountRecovery","Trace bounded reads: prove totals, conflict checks and exports cover the intended dataset. Distinguish unavailable backend from successful empty results. Exercise primary action, denied access, scope change, error/retry and filtered export."
"ShiftScheduling","src/pages/ShiftScheduling.jsx","P2 workflow review","Not end-to-end verified","react; lucide-react; ../components/ui/PageHeader; ../contexts/SettingsContext; ../lib/api/shifts; ../lib/shifts; ../lib/exportUtils; ../lib/safeError; ../components/ui/TablePagination; ../lib/api/_client","Exercise primary action, denied access, scope change, error/retry and filtered export."
"SiteComparison","src/pages/SiteComparison.jsx","P2 workflow review","Not end-to-end verified","react; ../contexts/LanguageContext; ../lib/supabase; ../lib/fetchAll; ../contexts/SettingsContext; ../lib/analyticsEngine; ../lib/exportUtils; ../lib/formatters; ../lib/safeError; lucide-react; framer-motion; ../components/ui/PageHeader; ../components/ui/Card; ../components/EmailPdfButton; ../components/ui/PeriodFilter; ../components/ui/SegmentedControl; chart.js; react-chartjs-2; ../components/ChartModal","Exercise primary action, denied access, scope change, error/retry and filtered export."
"SiteManagement","src/pages/SiteManagement.jsx","P2 workflow review","Not end-to-end verified","react; react-router-dom; framer-motion; lucide-react; ../components/ui/Skeleton; ../components/ui/PageHeader; ../components/ui/TablePagination; ../lib/api/sites; ../contexts/AuthContext; ../contexts/SettingsContext; ../lib/exportUtils; ../lib/safeError","Exercise primary action, denied access, scope change, error/retry and filtered export."
"SitesIntake","src/pages/SitesIntake.jsx","P2 workflow review","Not end-to-end verified","../components/costm3/LedgerPage; ../lib/api/costPerM3","Exercise primary action, denied access, scope change, error/retry and filtered export."
"SlaDashboard","src/pages/SlaDashboard.jsx","P1 candidate","Not end-to-end verified","react; lucide-react; ../lib/safeError; ../components/ui/PageHeader; ../contexts/SettingsContext; ../lib/api/slaRecords; ../lib/slaRecords; ../lib/exportUtils; ../components/ui/TablePagination; ../lib/api/_client","Trace bounded reads: prove totals, conflict checks and exports cover the intended dataset. Distinguish unavailable backend from successful empty results. Exercise primary action, denied access, scope change, error/retry and filtered export."
"SpeedLimiter","src/pages/SpeedLimiter.jsx","P1 candidate","Not end-to-end verified","react; chart.js; react-chartjs-2; lucide-react; ../components/ui/PageHeader; ../components/ui/Card; ../components/ui/Modal; ../contexts/SettingsContext; ../lib/api/speedLimiters; ../lib/speedLimiterAnalytics; ../lib/exportUtils; ../components/ui/TablePagination; ../lib/safeError; ../lib/api/_client; there is nothing","Distinguish unavailable backend from successful empty results. Exercise primary action, denied access, scope change, error/retry and filtered export."
"SsoConfiguration","src/pages/SsoConfiguration.jsx","P1 candidate","Not end-to-end verified","react; lucide-react; ../lib/safeError; ../components/ui/PageHeader; ../contexts/SettingsContext; ../lib/api/ssoConfig; ../lib/ssoConfig; ../lib/exportUtils; ../components/ui/TablePagination; ../lib/api/_client","Trace bounded reads: prove totals, conflict checks and exports cover the intended dataset. Distinguish unavailable backend from successful empty results. Exercise primary action, denied access, scope change, error/retry and filtered export."
"StockManagement","src/pages/StockManagement.jsx","P2 workflow review","Not end-to-end verified","react; ../lib/api; ../contexts/AuthContext; ../contexts/SettingsContext; ../contexts/TenantContext; lucide-react; ../components/ui/Skeleton; ../components/workflow/EntityApprovalPanel; framer-motion; ../components/ui/PageHeader; ../components/ui/Card; ../components/ui/Modal; ../components/ui/TablePagination; ../lib/formatters; ../lib/safeError; ../lib/useLatestRequest; ../contexts/LanguageContext; chart.js; react-chartjs-2; ../lib/pdfEngine","Exercise primary action, denied access, scope change, error/retry and filtered export."
"StockReplenishment","src/pages/StockReplenishment.jsx","P2 workflow review","Not end-to-end verified","react; framer-motion; chart.js; react-chartjs-2; lucide-react; ../lib/api/purchaseOrders; ../contexts/SettingsContext; ../contexts/AuthContext; ../contexts/TenantContext; ../lib/formatters; ../lib/exportUtils; ../contexts/LanguageContext; ../lib/safeError; ../components/ui/PageHeader; ../components/ui/TablePagination; ../lib/pdfEngine","Exercise primary action, denied access, scope change, error/retry and filtered export."
"StoreMaterialIssue","src/pages/StoreMaterialIssue.jsx","P1 candidate","Not end-to-end verified","react; lucide-react; ../components/ui/PageHeader; ../components/ui/Card; ../components/charts/EChart; ../components/ui/TablePagination; ../contexts/SettingsContext; ../contexts/AuthContext; ../lib/api/materialIssue; ../lib/api/materialMaster; ../lib/materialIssue; ../lib/governedCost; ../lib/reportColors; ../lib/formatters; ../lib/exportUtils; ../lib/safeError","Trace bounded reads: prove totals, conflict checks and exports cover the intended dataset. Exercise primary action, denied access, scope change, error/retry and filtered export."
"SupplierDetail","src/pages/SupplierDetail.jsx","P2 workflow review","Not end-to-end verified","react; react-router-dom; framer-motion; ../lib/api/supplierManagementApi; ../lib/analyticsEngine; ../lib/fetchAll; ../lib/safeError; ../contexts/SettingsContext; ../contexts/AuthContext; ../lib/formatters; ../contexts/LanguageContext; ../components/EmptyState; ../components/ui/Skeleton; lucide-react; chart.js; react-chartjs-2","Exercise primary action, denied access, scope change, error/retry and filtered export."
"SupplierManagement","src/pages/SupplierManagement.jsx","P2 workflow review","Not end-to-end verified","react; framer-motion; react-hook-form; @hookform/resolvers/zod; ../lib/validation/schemas; ../components/forms; ../lib/api/supplierManagementApi; ../lib/analyticsEngine; ../lib/fetchAll; ../contexts/SettingsContext; ../contexts/AuthContext; ../lib/safeError; ../lib/analytics/supplierScorecard; ../contexts/LanguageContext; ../components/ui/PageHeader; ../components/ui/TablePagination; ../components/ui/NotInUseNotice; ../components/EmptyState; ../components/workflow/EntityApprovalPanel; lucide-react; ../components/ui/Skeleton; react-router-dom; chart.js; react-chartjs-2","Exercise primary action, denied access, scope change, error/retry and filtered export."
"SupplierMarketplace","src/pages/SupplierMarketplace.jsx","P1 candidate","Not end-to-end verified","react; lucide-react; ../lib/safeError; ../components/ui/PageHeader; ../contexts/SettingsContext; ../lib/api/marketplace; ../lib/marketplace; ../lib/exportUtils; ../components/ui/TablePagination; ../lib/api/_client","Trace bounded reads: prove totals, conflict checks and exports cover the intended dataset. Distinguish unavailable backend from successful empty results. Exercise primary action, denied access, scope change, error/retry and filtered export."
"SystemHealth","src/pages/SystemHealth.jsx","P2 workflow review","Not end-to-end verified","react; lucide-react; ../contexts/AuthContext; ../lib/cn; ../lib/safeError; ../components/ui/PageHeader; ../components/ui/Skeleton; ../lib/systemHealth","Exercise primary action, denied access, scope change, error/retry and filtered export."
"Taas","src/pages/Taas.jsx","P1 candidate","Not end-to-end verified","react; lucide-react; ../components/ui/PageHeader; ../contexts/SettingsContext; ../lib/api/taas; ../lib/taas; ../lib/exportUtils; ../lib/formatters; ../lib/safeError; ../components/ui/TablePagination; ../lib/api/_client","Trace bounded reads: prove totals, conflict checks and exports cover the intended dataset. Distinguish unavailable backend from successful empty results. Exercise primary action, denied access, scope change, error/retry and filtered export."
"Tachograph","src/pages/Tachograph.jsx","P1 candidate","Not end-to-end verified","react; lucide-react; ../components/ui/PageHeader; ../contexts/SettingsContext; ../lib/api/tachographRecords; ../lib/tachographRecords; ../lib/exportUtils; ../lib/safeError; ../components/ui/TablePagination; ../lib/api/_client","Trace bounded reads: prove totals, conflict checks and exports cover the intended dataset. Distinguish unavailable backend from successful empty results. Exercise primary action, denied access, scope change, error/retry and filtered export."
"TcoCalculator","src/pages/TcoCalculator.jsx","P2 workflow review","Not end-to-end verified","react; react-router-dom; chart.js; react-chartjs-2; lucide-react; ../components/ui/PageHeader; ../components/ui/Card; ../components/ui/TablePagination; ../components/EmailPdfButton; ../contexts/SettingsContext; ../lib/formatters; ../lib/exportUtils; ../lib/safeError; ../lib/fetchAll; ../lib/api/tyreRecords; ../lib/kpiEngine; ../lib/tco","Exercise primary action, denied access, scope change, error/retry and filtered export."
"TechnicianScorecard","src/pages/TechnicianScorecard.jsx","P1 candidate","Not end-to-end verified","react; chart.js; react-chartjs-2; lucide-react; ../components/ui/PageHeader; ../components/ui/Card; ../components/ui/Modal; ../components/ui/TablePagination; ../contexts/SettingsContext; ../lib/formatters; ../lib/api/technicianScorecard; ../lib/api/users; ../lib/technicianScorecard; ../lib/safeError; ../lib/safeUrl; ../lib/exportUtils","Trace bounded reads: prove totals, conflict checks and exports cover the intended dataset. Distinguish unavailable backend from successful empty results. Exercise primary action, denied access, scope change, error/retry and filtered export."
"TelematicsDevices","src/pages/TelematicsDevices.jsx","P1 candidate","Not end-to-end verified","react; lucide-react; chart.js; react-chartjs-2; ../components/ui/PageHeader; ../contexts/SettingsContext; ../lib/api/telematicsDevices; ../lib/telematicsAnalytics; ../lib/exportUtils; ../components/ui/TablePagination; ../lib/safeError; ../lib/reportColors","Trace bounded reads: prove totals, conflict checks and exports cover the intended dataset. Distinguish unavailable backend from successful empty results. Exercise primary action, denied access, scope change, error/retry and filtered export."
"TenantHealth","src/pages/TenantHealth.jsx","P2 workflow review","Not end-to-end verified","react; lucide-react; ../contexts/AuthContext; ../components/ui/PageHeader; ../lib/tenantHealth","Exercise primary action, denied access, scope change, error/retry and filtered export."
"Terms","src/pages/Terms.jsx","P2 workflow review","Not end-to-end verified","../components/public/PublicTrustPage","Exercise primary action, denied access, scope change, error/retry and filtered export."
"TollTransactions","src/pages/TollTransactions.jsx","P1 candidate","Not end-to-end verified","react; lucide-react; ../components/ui/PageHeader; ../contexts/SettingsContext; ../lib/api/tollTransactions; ../lib/tollTransactions; ../lib/exportUtils; ../lib/safeError; ../components/ui/TablePagination; ../lib/api/_client","Trace bounded reads: prove totals, conflict checks and exports cover the intended dataset. Distinguish unavailable backend from successful empty results. Exercise primary action, denied access, scope change, error/retry and filtered export."
"Tpms","src/pages/Tpms.jsx","P2 workflow review","Not end-to-end verified","react; framer-motion; chart.js; react-chartjs-2; lucide-react; ../components/ui/PageHeader; ../contexts/SettingsContext; ../lib/api; ../lib/tpms; ../lib/tpmsAnalytics; ../lib/exportUtils; ../lib/safeError; ../components/ui/TablePagination","Exercise primary action, denied access, scope change, error/retry and filtered export."
"TripReplay","src/pages/TripReplay.jsx","P1 candidate","Not end-to-end verified","react; lucide-react; ../components/ui/PageHeader; ../contexts/SettingsContext; ../lib/api/tripReplay; ../lib/tripReplay; ../lib/exportUtils; ../components/ui/TablePagination; ../lib/safeError; ../lib/api/_client","Trace bounded reads: prove totals, conflict checks and exports cover the intended dataset. Distinguish unavailable backend from successful empty results. Exercise primary action, denied access, scope change, error/retry and filtered export."
"Trips","src/pages/Trips.jsx","P1 candidate","Not end-to-end verified","react; lucide-react; ../components/ui/PageHeader; ../contexts/SettingsContext; ../lib/api/trips; ../lib/trips; ../lib/exportUtils; ../lib/safeError; ../components/ui/TablePagination; ../lib/api/_client","Trace bounded reads: prove totals, conflict checks and exports cover the intended dataset. Distinguish unavailable backend from successful empty results. Exercise primary action, denied access, scope change, error/retry and filtered export."
"TyreAgeCompliance","src/pages/TyreAgeCompliance.jsx","P2 workflow review","Not end-to-end verified","react; chart.js; react-chartjs-2; lucide-react; ../components/ui/PageHeader; ../components/EmailPdfButton; ../contexts/SettingsContext; ../lib/api/tyreAgeCompliance; ../lib/tyreAgeCompliance; ../lib/exportUtils; ../components/ui/TablePagination; ../lib/safeError","Exercise primary action, denied access, scope change, error/retry and filtered export."
"TyreExchange","src/pages/TyreExchange.jsx","P2 workflow review","Not end-to-end verified","react; framer-motion; chart.js; react-chartjs-2; lucide-react; ../lib/api/tyreExchange; ../components/workflow/EntityApprovalPanel; ../contexts/SettingsContext; ../contexts/TenantContext; ../contexts/AuthContext; ../lib/exportUtils; ../components/ui/PageHeader; ../components/ui/TablePagination; ../components/EmptyState; ../lib/formatters; ../lib/safeError; ../lib/pdfEngine","Exercise primary action, denied access, scope change, error/retry and filtered export."
"TyreFailureCpkBoard","src/pages/TyreFailureCpkBoard.jsx","P2 workflow review","Not end-to-end verified","react; chart.js; react-chartjs-2; lucide-react; ../components/ui/PageHeader; ../components/ui/DateField; ../contexts/SettingsContext; ../lib/formatters; ../lib/api/tyreRecords; ../lib/api/costSummary; ../lib/useLatestRequest; ../lib/tyreFailureBoard; ../lib/reportColors; ../lib/exportUtils; ../lib/safeError","Exercise primary action, denied access, scope change, error/retry and filtered export."
"TyreLifecycle","src/pages/TyreLifecycle.jsx","P2 workflow review","Not end-to-end verified","react; framer-motion; chart.js; react-chartjs-2; lucide-react; ../lib/supabase; ../lib/searchFilter; ../lib/fetchAll; ../contexts/SettingsContext; ../lib/exportUtils; ../lib/safeError; ../components/ui/PageHeader; ../components/EmailPdfButton; ../components/ui/PeriodFilter; ../components/tyre/TyreRunningLife; ../components/tyre/TyreConsumptionSection; ../components/tyre/TyreChangeTracking","Exercise primary action, denied access, scope change, error/retry and filtered export."
"TyrePassport","src/pages/TyrePassport.jsx","P2 workflow review","Not end-to-end verified","react; react-router-dom; lucide-react; react-chartjs-2; chart.js; ../components/ui/PageHeader; ../components/ui/Card; ../components/ui/TablePagination; ../contexts/SettingsContext; ../lib/formatters; ../lib/api/tyrePassport; ../lib/tyrePassport; ../lib/safeError; ../lib/reportColors","Exercise primary action, denied access, scope change, error/retry and filtered export."
"TyrePool","src/pages/TyrePool.jsx","P1 candidate","Not end-to-end verified","react; chart.js; react-chartjs-2; lucide-react; ../components/ui/PageHeader; ../components/ui/Card; ../components/ui/NotInUseNotice; ../contexts/SettingsContext; ../lib/api/tyrePool; ../lib/tyrePool; ../lib/formatters; ../lib/exportUtils; ../components/ui/TablePagination; ../lib/safeError; ../lib/useLatestRequest","Distinguish unavailable backend from successful empty results. Exercise primary action, denied access, scope change, error/retry and filtered export."
"TyreRecords","src/pages/TyreRecords.jsx","P2 workflow review","Not end-to-end verified","react; framer-motion; @tanstack/react-virtual; react-hook-form; @hookform/resolvers/zod; ../lib/validation/schemas; ../components/forms; ../lib/api/tyreRecords; ../lib/api/tyreExchange; ../contexts/AuthContext; ../contexts/SettingsContext; ../contexts/LanguageContext; ../lib/tyreClassifier; ../lib/formatters; ../hooks/useSupabaseQuery; ../hooks/useBulkSelect; ../components/BulkActionBar; ../components/CustomFieldsPanel; lucide-react; ../components/ui/PageHeader; ../components/ui/FilterBar; ../lib/cn; ../lib/safeError","Exercise primary action, denied access, scope change, error/retry and filtered export."
"TyreScan","src/pages/TyreScan.jsx","P2 workflow review","Not end-to-end verified","react; framer-motion; lucide-react; ../components/TyreScanCamera; react-router-dom; ../contexts/LanguageContext","Exercise primary action, denied access, scope change, error/retry and filtered export."
"TyreScrapManagement","src/pages/TyreScrapManagement.jsx","P2 workflow review","Not end-to-end verified","react; framer-motion; chart.js; react-chartjs-2; lucide-react; ../components/ui/Skeleton; ../components/workflow/EntityApprovalPanel; ../components/tyre/ScrappedRegister; ../lib/api/tyreScrap; ../lib/fetchAll; ../contexts/AuthContext; ../contexts/SettingsContext; ../contexts/TenantContext; ../lib/exportUtils; ../lib/formatters; ../components/ui/PageHeader; ../components/EmptyState; ../lib/safeError; ../lib/pdfEngine; ../components/ui/TablePagination","Exercise primary action, denied access, scope change, error/retry and filtered export."
"TyreServiceEvents","src/pages/TyreServiceEvents.jsx","P1 candidate","Not end-to-end verified","react; chart.js; react-chartjs-2; lucide-react; ../components/ui/PageHeader; ../components/ui/Card; ../components/ui/Modal; ../contexts/SettingsContext; ../lib/formatters; ../lib/api/tyreServiceEvents; ../lib/tyreServiceEvents; ../lib/tyreServiceEventsAnalytics; ../lib/exportUtils; ../lib/safeError; ../components/ui/TablePagination; ../lib/api/_client","Trace bounded reads: prove totals, conflict checks and exports cover the intended dataset. Distinguish unavailable backend from successful empty results. Exercise primary action, denied access, scope change, error/retry and filtered export."
"TyreSizeAnalysis","src/pages/TyreSizeAnalysis.jsx","P2 workflow review","Not end-to-end verified","react; framer-motion; ../lib/supabase; ../lib/fetchAll; ../lib/tyrePositions; ../contexts/SettingsContext; ../contexts/TenantContext; ../contexts/LanguageContext; ../lib/exportUtils; lucide-react; chart.js; react-chartjs-2; ../components/ui/PageHeader; ../lib/safeError; ../lib/useLatestRequest; ../lib/pdfEngine","Exercise primary action, denied access, scope change, error/retry and filtered export."
"TyreSpecifications","src/pages/TyreSpecifications.jsx","P2 workflow review","Not end-to-end verified","react; framer-motion; chart.js; react-chartjs-2; lucide-react; ../components/ui/PageHeader; ../components/ui/Card; ../components/ui/Modal; ../components/EmptyState; ../lib/api/tyreSpecs; ../lib/tyreSpecCatalog; ../lib/tyreSpecPolicy; ../lib/tyrePositions; ../lib/api/tyreProcurement; ../lib/tyreValueAdvisor; ../lib/api/engineeringKpi; ../lib/kpiEngine; ../contexts/AuthContext; ../contexts/SettingsContext; ../contexts/TenantContext; ../lib/exportUtils; ../lib/safeError; ../lib/pdfEngine; nothing matches the filters","Exercise primary action, denied access, scope change, error/retry and filtered export."
"UploadApprovals","src/pages/UploadApprovals.jsx","P2 workflow review","Not end-to-end verified","react; ../lib/supabase; ../contexts/AuthContext; ../contexts/LanguageContext; ../lib/api/imports; ../lib/api/pendingUploadDecisions; ../components/ui/PageHeader; ../lib/safeError; ../components/ui/TablePagination; ../lib/fetchAll; lucide-react","Exercise primary action, denied access, scope change, error/retry and filtered export."
"UploadData","src/pages/UploadData.jsx","P2 workflow review","Not end-to-end verified","react; react-router-dom; ../lib/api; ../contexts/AuthContext; ../contexts/SettingsContext; ../contexts/LanguageContext; ../lib/tyreClassifier; ../lib/tyrePositions; ../lib/auditLogger; framer-motion; lucide-react; ../components/ui/PageHeader; ../components/ui/Card; ../components/ui/Modal; ../lib/safeError; ../lib/import/exactDuplicate","Exercise primary action, denied access, scope change, error/retry and filtered export."
"UserManagement","src/pages/UserManagement.jsx","P1 candidate","Not end-to-end verified","react; ../contexts/LanguageContext; ../lib/api/users; ../contexts/AuthContext; lucide-react; framer-motion; ../components/ui/PageHeader; ../components/ui/TablePagination; ../components/AccessControlMatrix; ../components/OrgBrandingPanel; ../components/BrandLogoStudio; ../components/CountryAddressPanel; ../components/SitesMasterPanel; ../lib/safeError; Admin","Trace bounded reads: prove totals, conflict checks and exports cover the intended dataset. Exercise primary action, denied access, scope change, error/retry and filtered export."
"Vehicle360","src/pages/Vehicle360.jsx","P1 candidate","Not end-to-end verified","react; react-router-dom; lucide-react; ../contexts/SettingsContext; ../lib/api/vehicle360; ../lib/safeError; ../lib/analyticsEngine; ../components/ui/Gauge; ../components/ui/StatTile; ../components/ui/VehicleMap; ../components/ui/StatusBadge; ../components/LoadingState; ../components/EmptyState; ../components/ai/CopilotCard","Trace bounded reads: prove totals, conflict checks and exports cover the intended dataset. Exercise primary action, denied access, scope change, error/retry and filtered export."
"VehicleCheckInOut","src/pages/VehicleCheckInOut.jsx","P1 candidate","Not end-to-end verified","react; lucide-react; ../components/ui/PageHeader; ../contexts/SettingsContext; ../lib/api/vehicleCheckInOut; ../lib/api/_client; ../lib/vehicleCheckInOut; ../lib/exportUtils; ../lib/safeError; ../components/ui/TablePagination","Trace bounded reads: prove totals, conflict checks and exports cover the intended dataset. Exercise primary action, denied access, scope change, error/retry and filtered export."
"VehicleHandover","src/pages/VehicleHandover.jsx","P1 candidate","Not end-to-end verified","react; lucide-react; ../components/ui/PageHeader; ../contexts/SettingsContext; ../lib/api/handoverReports; ../lib/handoverReports; ../lib/exportUtils; ../lib/safeError; ../components/ui/TablePagination; ../lib/api/_client","Trace bounded reads: prove totals, conflict checks and exports cover the intended dataset. Distinguish unavailable backend from successful empty results. Exercise primary action, denied access, scope change, error/retry and filtered export."
"VehicleHistory","src/pages/VehicleHistory.jsx","P2 workflow review","Not end-to-end verified","react; framer-motion; ../lib/api/vehicleHistory; ../lib/api/costSummary; ../lib/api/governedCost; ../contexts/SettingsContext; ../lib/analyticsEngine; ../lib/anomalyEngine; chart.js; react-chartjs-2; lucide-react; ../components/VehicleTyreDiagram; ../components/ui/PageHeader; ../components/ui/DateField; ../contexts/LanguageContext; ../lib/safeError; ../components/ui/TablePagination; ../lib/api/assetHistory; ../lib/assetHistory; ../components/asset/AssetFullHistory","Exercise primary action, denied access, scope change, error/retry and filtered export."
"VehicleReservations","src/pages/VehicleReservations.jsx","P2 workflow review","Not end-to-end verified","react; lucide-react; ../components/ui/PageHeader; ../contexts/SettingsContext; ../lib/api/vehicleReservations; ../lib/vehicleReservations; ../lib/exportUtils; ../lib/safeError; ../components/ui/TablePagination; ../lib/api/_client; ../lib/useLatestRequest","Exercise primary action, denied access, scope change, error/retry and filtered export."
"VehicleWashing","src/pages/VehicleWashing.jsx","P1 candidate","Not end-to-end verified","react; chart.js; react-chartjs-2; lucide-react; react-router-dom; ../components/ui/DownloadNotice; ../components/ui/PageHeader; ../components/ui/Card; ../components/ui/DateField; ../components/ui/Modal; ../components/ui/NotInUseNotice; ../components/checklist/ReferencePicker; ../contexts/SettingsContext; ../contexts/AuthContext; ../hooks/useReportMeta; ../lib/api/washRecords; ../lib/api/assets; ../lib/washAnalytics; ../lib/reportColors; ../lib/exportUtils; ../components/ui/TablePagination; ../lib/storageRefs; ../lib/washReportPdf; ../lib/safeUrl; ../lib/safeError; ../lib/api/washRecords; ../lib/washDetails; ../components/washing/WashDetailsForm; ../components/washing/WashRecordViewer; ../components/washing/WashAdvancedFilters; ../lib/api/_client","Distinguish unavailable backend from successful empty results. Exercise primary action, denied access, scope change, error/retry and filtered export."
"VendorIntelligence","src/pages/VendorIntelligence.jsx","P2 workflow review","Not end-to-end verified","react; framer-motion; ../lib/supabase; ../lib/fetchAll; ../lib/countryFilter; ../lib/tyrePositions; ../contexts/SettingsContext; ../contexts/LanguageContext; ../lib/kpiEngine; ../lib/exportUtils; ../lib/api/governedCost; ../lib/safeError; lucide-react; ../components/EmailReportModal; ../components/ui/PageHeader; ../components/ui/PeriodFilter; chart.js; react-chartjs-2","Exercise primary action, denied access, scope change, error/retry and filtered export."
"VideoTelematics","src/pages/VideoTelematics.jsx","P1 candidate","Not end-to-end verified","react; lucide-react; ../components/ui/PageHeader; ../contexts/SettingsContext; ../lib/api/dashcamEvents; ../lib/dashcamEvents; ../lib/safeUrl; ../lib/exportUtils; ../lib/safeError; ../components/ui/TablePagination; ../lib/api/_client","Trace bounded reads: prove totals, conflict checks and exports cover the intended dataset. Distinguish unavailable backend from successful empty results. Exercise primary action, denied access, scope change, error/retry and filtered export."
"WarrantyTracker","src/pages/WarrantyTracker.jsx","P2 workflow review","Not end-to-end verified","react; framer-motion; chart.js; react-chartjs-2; lucide-react; ../components/ui/Skeleton; ../components/workflow/EntityApprovalPanel; ../lib/api/warranty; ../contexts/SettingsContext; ../contexts/AuthContext; ../contexts/TenantContext; ../lib/formatters; ../lib/exportUtils; ../components/ui/PageHeader; ../components/ui/NotInUseNotice; ../components/EmptyState; ../lib/safeError; ../lib/pdfEngine","Exercise primary action, denied access, scope change, error/retry and filtered export."
"Weighbridge","src/pages/Weighbridge.jsx","P1 candidate","Not end-to-end verified","react; lucide-react; ../components/ui/PageHeader; ../contexts/SettingsContext; ../lib/api/weighbridgeTickets; ../lib/weighbridgeTickets; ../lib/exportUtils; ../lib/safeError; ../components/ui/TablePagination; ../lib/api/_client","Trace bounded reads: prove totals, conflict checks and exports cover the intended dataset. Distinguish unavailable backend from successful empty results. Exercise primary action, denied access, scope change, error/retry and filtered export."
"WorkflowBuilder","src/pages/WorkflowBuilder.jsx","P2 workflow review","Not end-to-end verified","react; react-router-dom; lucide-react; ../lib/api/workflows; ../lib/workflow/starterTemplates; ../contexts/LanguageContext; ../contexts/SettingsContext; ../lib/safeError; ../lib/api/sites","Exercise primary action, denied access, scope change, error/retry and filtered export."
"WorkflowSettings","src/pages/WorkflowSettings.jsx","P2 workflow review","Not end-to-end verified","react; react-router-dom; lucide-react; ../lib/api/workflows; ../lib/workflow/starterTemplates; ../lib/safeError","Exercise primary action, denied access, scope change, error/retry and filtered export."
"WorkOrders","src/pages/WorkOrders.jsx","P1 candidate","Not end-to-end verified","react; framer-motion; chart.js; react-chartjs-2; lucide-react; ../lib/api; ../lib/useLatestRequest; ../lib/audit; ../lib/events; ../components/ui/PageHeader; ../components/ui/Card; ../components/ui/Modal; ../components/ui/DateField; ../components/ui/StatusBadge; ../components/CustomFieldsPanel; ../components/workflow/EntityApprovalPanel; ../components/workorders/WorkOrderApprovalGate; ../contexts/SettingsContext; ../contexts/AuthContext; ../contexts/TenantContext; ../lib/exportUtils; ../contexts/LanguageContext; ../lib/formatters; ../lib/safeError; ../lib/workOrderStatus; ../lib/jobCard; ../components/workorders/JobCardForm; ../components/workorders/JobCardDetail; ../lib/api/assets; ../lib/pdfEngine; ../lib/defaultPeriod; ../lib/api/latestActivity; ../components/ui/PeriodNotice","Trace bounded reads: prove totals, conflict checks and exports cover the intended dataset. Exercise primary action, denied access, scope change, error/retry and filtered export."
"WorkshopAbsence","src/pages/WorkshopAbsence.jsx","P1 candidate","Not end-to-end verified","react; chart.js; react-chartjs-2; lucide-react; ../components/ui/PageHeader; ../contexts/SettingsContext; ../contexts/AuthContext; ../lib/api/workshopAbsence; ../lib/workshopAbsence; ../lib/reportColors; ../lib/exportUtils; ../components/ui/TablePagination; ../lib/safeError; ../lib/useLatestRequest; ../lib/api/_client","Distinguish unavailable backend from successful empty results. Exercise primary action, denied access, scope change, error/retry and filtered export."
"WorkshopAnalytics","src/pages/WorkshopAnalytics.jsx","P1 candidate","Not end-to-end verified","react; lucide-react; ../components/ui/PageHeader; ../components/ui/Card; ../components/ui/TablePagination; ../components/ui/DateField; ../components/charts/EChart; ../contexts/SettingsContext; ../contexts/AuthContext; ../lib/api/workshopAnalytics; ../lib/workshopAnalytics; ../lib/reportColors; ../lib/exportUtils; ../lib/safeError; ../lib/useLatestRequest; ../lib/api/_client","Distinguish unavailable backend from successful empty results. Exercise primary action, denied access, scope change, error/retry and filtered export."
"WorkshopJobDetail","src/pages/WorkshopJobDetail.jsx","P2 workflow review","Not end-to-end verified","react; react-router-dom; framer-motion; ../lib/supabase; ../lib/safeError; ../contexts/SettingsContext; ../contexts/LanguageContext; ../lib/exportUtils; ../lib/formatters; ../components/ui/Skeleton; ../components/EmptyState; ../components/workflow/EntityApprovalPanel; lucide-react","Exercise primary action, denied access, scope change, error/retry and filtered export."
"WorkshopLive","src/pages/WorkshopLive.jsx","P1 candidate","Not end-to-end verified","react; react-router-dom; lucide-react; ../lib/supabase; ../contexts/SettingsContext; ../contexts/AuthContext; ../lib/api/workshopLive; ../lib/api/workshopConfig; ../lib/workshopLive; ../lib/workshopTasks; ../lib/workshopAssign; ../components/charts/EChart; ../components/ui/PageHeader; ../components/ui/TablePagination; ../components/workshop/WorkshopTvShareButton; ../components/workshop/WorkshopNewJobModal; ../lib/reportColors; ../lib/safeUrl; ../lib/safeError; ../lib/workOrderStatus","Trace bounded reads: prove totals, conflict checks and exports cover the intended dataset. Distinguish unavailable backend from successful empty results. Exercise primary action, denied access, scope change, error/retry and filtered export."
"WorkshopManagement","src/pages/WorkshopManagement.jsx","P2 workflow review","Not end-to-end verified","react; react-router-dom; framer-motion; ../lib/supabase; ../lib/countryFilter; ../lib/fetchAll; ../lib/safeError; ../lib/useLatestRequest; ../contexts/SettingsContext; ../lib/exportUtils; ../lib/api/maintenanceAnalytics; ../lib/workOrderStatus; ../lib/formatters; ../components/ui/PageHeader; ../components/ui/TablePagination; lucide-react; ../components/ui/Skeleton; chart.js; react-chartjs-2","Exercise primary action, denied access, scope change, error/retry and filtered export."
"WorkshopSettings","src/pages/WorkshopSettings.jsx","P2 workflow review","Not end-to-end verified","react; lucide-react; ../components/ui/PageHeader; ../contexts/AuthContext; ../contexts/SettingsContext; ../lib/api/workshopConfig; ../lib/safeError","Exercise primary action, denied access, scope change, error/retry and filtered export."
"WorkshopTv","src/pages/WorkshopTv.jsx","P2 workflow review","Not end-to-end verified","react; ../components/ui/TablePagination; react-router-dom; lucide-react; ../lib/api/reportShares; ../lib/reportColors; ../components/charts/EChart","Exercise primary action, denied access, scope change, error/retry and filtered export."
